symbol,timestamp,open,high,low,close,volume,trade_count,vwap
SPGI,2020-03-12 04:00:00+00:00,224.23,231.3899,213.67,221.46,4999685.0,56186.0,221.661273
SPGI,2020-03-13 04:00:00+00:00,237.73,249.92,225.68,248.1,3716487.0,52905.0,237.243057
SPGI,2020-03-16 04:00:00+00:00,222.61,232.32,209.69,222.16,3384283.0,42276.0,224.244471
SPGI,2020-03-17 04:00:00+00:00,228.62,231.285,220.15,227.66,3441569.0,44096.0,226.758304
SPGI,2020-03-18 04:00:00+00:00,212.9,218.52,186.055,193.08,4612305.0,49949.0,197.875506
SPGI,2020-03-19 04:00:00+00:00,192.79,211.92,186.74,207.78,3700157.0,35401.0,202.395062
SPGI,2020-03-20 04:00:00+00:00,211.01,215.0,205.11,208.79,4370326.0,39125.0,209.80464
SPGI,2020-03-23 04:00:00+00:00,204.41,212.03,191.32,192.05,2821617.0,40008.0,198.142384
SPGI,2020-03-24 04:00:00+00:00,202.78,219.4,199.9,218.66,3242203.0,32586.0,214.34259
SPGI,2020-03-25 04:00:00+00:00,220.13,234.7,217.333,227.19,2293116.0,31442.0,226.882355
SPGI,2020-03-26 04:00:00+00:00,231.53,246.55,230.41,244.95,3200542.0,35309.0,241.402925
SPGI,2020-03-27 04:00:00+00:00,239.08,246.53,236.77,239.75,3142091.0,32919.0,241.035919
SPGI,2020-03-30 04:00:00+00:00,241.41,248.63,239.01,246.99,2642808.0,26957.0,243.835421
SPGI,2020-03-31 04:00:00+00:00,243.95,248.18,240.4925,245.05,4722748.0,39340.0,245.261306
SPGI,2020-04-01 04:00:00+00:00,233.96,239.44,233.41,234.33,3616909.0,43231.0,235.845557
SPGI,2020-04-02 04:00:00+00:00,233.34,241.7,230.11,241.34,1836381.0,24079.0,238.156515
SPGI,2020-04-03 04:00:00+00:00,238.33,241.48,236.02,238.8,2559093.0,22434.0,238.205454
SPGI,2020-04-06 04:00:00+00:00,248.23,257.3,243.96,255.83,2383202.0,29992.0,251.461175
SPGI,2020-04-07 04:00:00+00:00,264.86,265.24,255.74,256.06,1789880.0,26025.0,258.785301
SPGI,2020-04-08 04:00:00+00:00,259.5,262.09,255.225,261.51,1461096.0,22843.0,260.355767
SPGI,2020-04-09 04:00:00+00:00,264.43,284.88,262.95,283.55,2882337.0,39487.0,278.434445
SPGI,2020-04-13 04:00:00+00:00,280.0,280.41,267.37,268.44,3147745.0,23813.0,269.966087
SPGI,2020-04-14 04:00:00+00:00,275.6,278.99,271.25,277.34,2729664.0,22353.0,275.745442
SPGI,2020-04-15 04:00:00+00:00,270.2,274.92,267.14,273.25,1829275.0,21584.0,272.360482
SPGI,2020-04-16 04:00:00+00:00,274.01,276.145,270.89,274.55,1364006.0,18497.0,273.784328
SPGI,2020-04-17 04:00:00+00:00,282.68,286.62,278.2865,282.59,3269980.0,22205.0,282.17367
SPGI,2020-04-20 04:00:00+00:00,277.85,280.67,276.49,279.17,1942174.0,16012.0,278.884661
SPGI,2020-04-21 04:00:00+00:00,271.25,273.55,265.92,267.23,2270439.0,21010.0,268.152608
SPGI,2020-04-22 04:00:00+00:00,272.71,277.4,269.4,276.01,1201026.0,15167.0,274.831186
SPGI,2020-04-23 04:00:00+00:00,276.79,281.3,276.03,279.56,1797208.0,20142.0,279.2452
SPGI,2020-04-24 04:00:00+00:00,282.61,284.53,280.38,283.94,1264821.0,18568.0,283.036903
SPGI,2020-04-27 04:00:00+00:00,286.46,292.05,285.19,291.19,1418706.0,18820.0,290.018956
SPGI,2020-04-28 04:00:00+00:00,300.0,308.41,292.51,295.83,2126451.0,24779.0,296.858363
SPGI,2020-04-29 04:00:00+00:00,303.26,303.79,293.42,294.42,1891718.0,26450.0,296.267063
SPGI,2020-04-30 04:00:00+00:00,289.27,295.1,288.51,292.88,2586372.0,20669.0,292.876855
SPGI,2020-05-01 04:00:00+00:00,287.67,289.03,284.09,286.06,1269394.0,19009.0,286.347054
SPGI,2020-05-04 04:00:00+00:00,283.3,288.13,281.07,285.77,1351519.0,17273.0,285.819519
SPGI,2020-05-05 04:00:00+00:00,289.62,298.555,288.33,295.41,1129734.0,17438.0,295.221951
SPGI,2020-05-06 04:00:00+00:00,294.82,297.44,288.92,289.36,963798.0,16002.0,291.694248
SPGI,2020-05-07 04:00:00+00:00,294.55,297.77,292.92,295.58,1458398.0,17581.0,295.524693
SPGI,2020-05-08 04:00:00+00:00,300.0,300.0,295.78,297.65,969711.0,14111.0,297.932425
SPGI,2020-05-11 04:00:00+00:00,294.04,303.2775,292.645,300.68,1424539.0,16545.0,300.701703
SPGI,2020-05-12 04:00:00+00:00,305.03,307.17,299.21,299.21,1382962.0,20985.0,302.889195
SPGI,2020-05-13 04:00:00+00:00,297.74,302.48,291.99,294.4,1779631.0,24778.0,295.660821
SPGI,2020-05-14 04:00:00+00:00,291.41,300.26,290.08,300.12,1350128.0,22637.0,296.497914
SPGI,2020-05-15 04:00:00+00:00,298.39,304.63,297.33,303.14,2589694.0,23675.0,302.609375
SPGI,2020-05-18 04:00:00+00:00,311.05,316.255,310.62,311.63,1930368.0,27847.0,313.480997
SPGI,2020-05-19 04:00:00+00:00,311.76,317.29,310.67,311.09,1407631.0,19552.0,313.082093
SPGI,2020-05-20 04:00:00+00:00,315.36,317.065,312.38,314.0,878727.0,14411.0,314.371314
SPGI,2020-05-21 04:00:00+00:00,314.29,316.81,309.23,310.76,785628.0,13531.0,311.559698
SPGI,2020-05-22 04:00:00+00:00,310.94,312.63,307.52,311.86,690745.0,12777.0,311.206729
SPGI,2020-05-26 04:00:00+00:00,318.26,318.89,311.2,312.34,2028674.0,24574.0,313.723578
SPGI,2020-05-27 04:00:00+00:00,316.89,316.89,308.14,315.43,1291378.0,21262.0,313.270233
SPGI,2020-05-28 04:00:00+00:00,317.5,323.52,314.8,318.8,2342502.0,21343.0,319.355057
SPGI,2020-05-29 04:00:00+00:00,320.62,326.0,318.355,325.02,2287215.0,25999.0,323.814245
SPGI,2020-06-01 04:00:00+00:00,326.05,329.57,323.37,327.3,1011118.0,19063.0,326.902636
SPGI,2020-06-02 04:00:00+00:00,325.82,327.82,323.31,327.37,1378483.0,19425.0,326.126762
SPGI,2020-06-03 04:00:00+00:00,330.12,334.64,326.62,333.38,1180458.0,18555.0,332.352503
SPGI,2020-06-04 04:00:00+00:00,331.1,333.6,324.34,327.39,1391058.0,28108.0,328.034651
SPGI,2020-06-05 04:00:00+00:00,332.48,334.66,329.625,333.37,1706735.0,24409.0,332.451323
SPGI,2020-06-08 04:00:00+00:00,330.88,333.08,325.8917,331.98,1244707.0,20134.0,330.097358
SPGI,2020-06-09 04:00:00+00:00,329.24,330.86,326.67,327.61,1126110.0,18944.0,328.333414
SPGI,2020-06-10 04:00:00+00:00,328.98,334.09,326.12,331.18,1252351.0,21123.0,330.840694
SPGI,2020-06-11 04:00:00+00:00,325.0,326.1799,306.5,307.03,1847520.0,31184.0,312.261013
SPGI,2020-06-12 04:00:00+00:00,314.41,318.22,310.0,316.91,1356087.0,24276.0,315.696442
SPGI,2020-06-15 04:00:00+00:00,310.0,320.9,308.11,319.65,1113540.0,19538.0,316.696021
SPGI,2020-06-16 04:00:00+00:00,330.0,330.0,319.06,324.93,1117709.0,17625.0,325.288245
SPGI,2020-06-17 04:00:00+00:00,326.62,329.575,325.15,326.32,1016678.0,13909.0,327.302688
SPGI,2020-06-18 04:00:00+00:00,324.54,327.77,323.32,326.81,863445.0,12138.0,326.397759
SPGI,2020-06-19 04:00:00+00:00,332.27,333.0,321.28,323.73,2647145.0,19054.0,324.756928
SPGI,2020-06-22 04:00:00+00:00,323.71,326.93,320.77,326.36,1745577.0,13889.0,325.816099
SPGI,2020-06-23 04:00:00+00:00,329.55,332.54,327.01,328.56,993620.0,15725.0,329.593157
SPGI,2020-06-24 04:00:00+00:00,324.55,326.44,316.4,317.97,1533140.0,22753.0,319.042256
SPGI,2020-06-25 04:00:00+00:00,318.38,328.25,316.0,327.82,1192750.0,21589.0,325.101859
SPGI,2020-06-26 04:00:00+00:00,324.9,327.93,321.14,321.6,3135999.0,21702.0,322.482128
SPGI,2020-06-29 04:00:00+00:00,325.15,325.15,318.24,321.29,1534951.0,22058.0,321.298955
SPGI,2020-06-30 04:00:00+00:00,321.61,330.58,320.42,329.48,2240441.0,22484.0,328.232442
SPGI,2020-07-01 04:00:00+00:00,330.42,336.1336,328.69,334.52,1057511.0,20776.0,333.368157
SPGI,2020-07-02 04:00:00+00:00,338.35,339.29,332.6,333.25,823638.0,14492.0,334.25354
SPGI,2020-07-06 04:00:00+00:00,338.6,344.045,337.6,341.02,1741070.0,19202.0,340.906125
SPGI,2020-07-07 04:00:00+00:00,339.39,345.62,339.39,341.19,995325.0,16291.0,341.685729
SPGI,2020-07-08 04:00:00+00:00,345.39,354.75,345.39,354.32,1228776.0,20093.0,352.533132
SPGI,2020-07-09 04:00:00+00:00,353.94,356.79,349.44,352.72,1342704.0,16324.0,352.958114
SPGI,2020-07-10 04:00:00+00:00,353.02,354.34,348.53,351.81,914805.0,16168.0,351.805667
SPGI,2020-07-13 04:00:00+00:00,353.02,356.455,344.25,346.09,1016431.0,17921.0,349.92389
SPGI,2020-07-14 04:00:00+00:00,344.93,351.81,343.85,351.64,805837.0,17021.0,349.505445
SPGI,2020-07-15 04:00:00+00:00,357.07,357.07,350.23,354.8,710411.0,13486.0,354.112948
SPGI,2020-07-16 04:00:00+00:00,353.08,354.655,346.85,349.51,705356.0,13495.0,349.633456
SPGI,2020-07-17 04:00:00+00:00,351.47,355.09,349.61,354.69,661113.0,10203.0,353.538233
SPGI,2020-07-20 04:00:00+00:00,352.6,359.31,352.6,358.09,743939.0,12743.0,357.547133
SPGI,2020-07-21 04:00:00+00:00,359.0,359.5,353.255,354.83,683083.0,14941.0,355.203026
SPGI,2020-07-22 04:00:00+00:00,353.88,358.24,353.64,356.45,695673.0,15078.0,356.018074
SPGI,2020-07-23 04:00:00+00:00,354.99,357.64,346.22,348.26,1482711.0,27176.0,350.852487
SPGI,2020-07-24 04:00:00+00:00,347.36,352.31,345.45,349.97,924149.0,16997.0,349.4775
SPGI,2020-07-27 04:00:00+00:00,350.13,355.505,349.39,351.32,1119910.0,20840.0,351.857847
SPGI,2020-07-28 04:00:00+00:00,356.57,356.57,343.62,347.6,1242143.0,20894.0,349.5549
SPGI,2020-07-29 04:00:00+00:00,348.23,360.0,348.23,359.86,1110879.0,21824.0,357.907324
SPGI,2020-07-30 04:00:00+00:00,354.36,356.63,348.655,352.37,1201560.0,21101.0,352.343752
SPGI,2020-07-31 04:00:00+00:00,353.66,354.74,344.72,350.25,1330955.0,18151.0,349.099868
SPGI,2020-08-03 04:00:00+00:00,352.76,355.28,349.54,350.68,745844.0,16111.0,351.491777
SPGI,2020-08-04 04:00:00+00:00,348.5,350.9,342.13,345.77,1186487.0,19798.0,345.397501
SPGI,2020-08-05 04:00:00+00:00,347.02,349.95,345.65,347.39,855865.0,13500.0,347.436033
SPGI,2020-08-06 04:00:00+00:00,347.14,352.73,346.35,352.57,744868.0,12999.0,350.905815
SPGI,2020-08-07 04:00:00+00:00,350.0,351.49,341.66,347.27,923838.0,18140.0,346.089585
SPGI,2020-08-10 04:00:00+00:00,345.0,345.31,340.48,344.07,605337.0,13239.0,343.551746
SPGI,2020-08-11 04:00:00+00:00,345.0,349.71,341.73,343.71,828653.0,15866.0,344.990869
SPGI,2020-08-12 04:00:00+00:00,347.44,353.0,347.03,349.19,597141.0,14424.0,349.981731
SPGI,2020-08-13 04:00:00+00:00,347.39,356.47,347.39,356.13,786874.0,16353.0,354.592598
SPGI,2020-08-14 04:00:00+00:00,354.48,357.75,350.85,352.27,605156.0,13594.0,352.590721
SPGI,2020-08-17 04:00:00+00:00,353.27,359.85,353.27,357.14,737633.0,12842.0,357.23862
SPGI,2020-08-18 04:00:00+00:00,357.15,362.28,356.5,360.12,634871.0,13032.0,360.009293
SPGI,2020-08-19 04:00:00+00:00,361.79,363.1,357.75,358.11,1292672.0,16057.0,359.019955
SPGI,2020-08-20 04:00:00+00:00,355.12,361.48,355.01,361.22,899765.0,14943.0,360.401315
SPGI,2020-08-21 04:00:00+00:00,361.79,363.365,358.35,362.01,918634.0,12581.0,361.968296
SPGI,2020-08-24 04:00:00+00:00,364.08,365.0,358.25,360.0,682256.0,13350.0,360.135409
SPGI,2020-08-25 04:00:00+00:00,361.16,361.285,357.15,358.5,581824.0,12914.0,358.876005
SPGI,2020-08-26 04:00:00+00:00,358.0,367.41,357.155,364.41,762898.0,13062.0,362.38603
SPGI,2020-08-27 04:00:00+00:00,365.73,367.54,359.88,363.98,688703.0,13324.0,364.778768
SPGI,2020-08-28 04:00:00+00:00,365.63,367.07,363.25,366.83,624753.0,11423.0,366.2853
SPGI,2020-08-31 04:00:00+00:00,369.12,369.275,364.27,366.42,1028999.0,15398.0,366.438788
SPGI,2020-09-01 04:00:00+00:00,366.22,369.77,364.84,368.39,643620.0,13949.0,367.5784
SPGI,2020-09-02 04:00:00+00:00,369.99,379.8699,369.735,378.41,849285.0,20150.0,376.470422
SPGI,2020-09-03 04:00:00+00:00,376.4,376.68,351.75,353.69,1477103.0,36862.0,357.257014
SPGI,2020-09-04 04:00:00+00:00,353.66,356.52,337.7879,345.18,1369999.0,27876.0,344.924911
SPGI,2020-09-08 04:00:00+00:00,339.66,344.91,335.05,340.66,1209876.0,27235.0,341.036469
SPGI,2020-09-09 04:00:00+00:00,346.0,356.36,344.88,351.78,985844.0,18623.0,352.25619
SPGI,2020-09-10 04:00:00+00:00,351.58,354.685,342.53,344.48,765388.0,19327.0,347.629386
SPGI,2020-09-11 04:00:00+00:00,347.32,351.22,345.6975,348.79,758835.0,17069.0,348.71781
SPGI,2020-09-14 04:00:00+00:00,352.52,356.81,352.0,353.09,713571.0,16594.0,353.990496
SPGI,2020-09-15 04:00:00+00:00,357.42,360.53,354.63,357.2,886069.0,17315.0,357.196149
SPGI,2020-09-16 04:00:00+00:00,355.88,360.035,355.65,357.54,1013688.0,19026.0,357.781847
SPGI,2020-09-17 04:00:00+00:00,352.66,358.2,349.05,351.73,906263.0,20113.0,352.298812
SPGI,2020-09-18 04:00:00+00:00,352.13,354.77,348.75,351.01,1248211.0,14821.0,351.366915
SPGI,2020-09-21 04:00:00+00:00,345.88,351.21,342.09,350.89,1311975.0,21525.0,348.520466
SPGI,2020-09-22 04:00:00+00:00,351.33,353.41,344.565,350.17,873392.0,17463.0,348.745436
SPGI,2020-09-23 04:00:00+00:00,350.52,352.165,342.69,343.06,758608.0,12417.0,344.817084
SPGI,2020-09-24 04:00:00+00:00,343.2,348.395,342.09,345.87,852436.0,14902.0,345.588893
SPGI,2020-09-25 04:00:00+00:00,345.11,354.875,344.52,352.85,674011.0,13058.0,351.57346
SPGI,2020-09-28 04:00:00+00:00,357.21,359.68,355.12,355.55,883320.0,16702.0,356.351204
SPGI,2020-09-29 04:00:00+00:00,355.94,360.32,354.55,356.98,646067.0,13323.0,357.651411
SPGI,2020-09-30 04:00:00+00:00,357.0,363.71,355.62,360.6,1308452.0,17797.0,360.578424
SPGI,2020-10-01 04:00:00+00:00,364.89,368.1442,361.285,363.73,758044.0,17870.0,364.10102
SPGI,2020-10-02 04:00:00+00:00,359.87,365.5,357.0664,362.98,791371.0,16477.0,362.781205
SPGI,2020-10-05 04:00:00+00:00,365.7,365.98,361.98,364.97,597879.0,13461.0,364.55672
SPGI,2020-10-06 04:00:00+00:00,367.23,367.23,354.05,354.31,887485.0,18415.0,357.484621
SPGI,2020-10-07 04:00:00+00:00,355.92,358.83,351.88,354.9,812114.0,18833.0,354.666523
SPGI,2020-10-08 04:00:00+00:00,355.67,360.7764,355.08,357.2,626143.0,12788.0,357.476022
SPGI,2020-10-09 04:00:00+00:00,358.98,359.71,356.06,356.76,949830.0,17065.0,357.210661
SPGI,2020-10-12 04:00:00+00:00,361.64,364.09,358.18,360.09,784981.0,16179.0,360.549374
SPGI,2020-10-13 04:00:00+00:00,360.09,360.09,352.44,354.0,1268092.0,22252.0,355.73311
SPGI,2020-10-14 04:00:00+00:00,357.35,357.35,350.34,351.51,945722.0,17564.0,352.170296
SPGI,2020-10-15 04:00:00+00:00,347.81,351.54,345.28,347.45,1044270.0,18658.0,347.292619
SPGI,2020-10-16 04:00:00+00:00,348.0,351.98,346.69,348.17,1214254.0,19396.0,348.864779
SPGI,2020-10-19 04:00:00+00:00,349.25,352.24,340.42,341.15,840088.0,13621.0,343.970111
SPGI,2020-10-20 04:00:00+00:00,340.33,343.86,339.3,340.15,1118021.0,19925.0,340.926362
SPGI,2020-10-21 04:00:00+00:00,342.51,344.715,337.27,337.91,764958.0,14131.0,339.595225
SPGI,2020-10-22 04:00:00+00:00,337.58,339.82,334.31,337.25,1089460.0,19261.0,337.564105
SPGI,2020-10-23 04:00:00+00:00,339.0,339.685,335.13,337.43,753487.0,14359.0,337.457276
SPGI,2020-10-26 04:00:00+00:00,333.16,336.335,330.4,333.55,990760.0,20649.0,333.508061
SPGI,2020-10-27 04:00:00+00:00,330.0,336.03,328.845,330.85,1581844.0,26348.0,331.771785
SPGI,2020-10-28 04:00:00+00:00,325.01,329.565,322.12,326.7,1674982.0,28942.0,326.467926
SPGI,2020-10-29 04:00:00+00:00,327.41,329.41,319.51,325.74,979533.0,19466.0,326.04003
SPGI,2020-10-30 04:00:00+00:00,323.46,329.78,319.04,322.73,1643952.0,26587.0,322.567608
SPGI,2020-11-02 05:00:00+00:00,328.57,335.4999,325.77,327.92,1440887.0,22968.0,328.688168
SPGI,2020-11-03 05:00:00+00:00,331.97,337.88,329.57,334.75,1422459.0,23284.0,334.914748
SPGI,2020-11-04 05:00:00+00:00,338.29,357.69,338.08,351.1,1773509.0,27761.0,351.843304
SPGI,2020-11-05 05:00:00+00:00,358.06,360.85,352.66,355.99,1430157.0,25929.0,356.630623
SPGI,2020-11-06 05:00:00+00:00,355.47,356.79,348.12,354.36,1197826.0,22890.0,352.624126
SPGI,2020-11-09 05:00:00+00:00,368.19,368.27,345.63,346.41,1466932.0,31321.0,352.268094
SPGI,2020-11-10 05:00:00+00:00,345.13,346.99,333.61,335.1,1611073.0,30951.0,336.375422
SPGI,2020-11-11 05:00:00+00:00,337.68,348.02,337.0,343.97,1088805.0,19137.0,343.190801
SPGI,2020-11-12 05:00:00+00:00,344.39,345.23,338.5,341.72,845435.0,14458.0,341.410482
SPGI,2020-11-13 05:00:00+00:00,343.36,344.87,337.56,341.92,1129271.0,15204.0,341.409305
SPGI,2020-11-16 05:00:00+00:00,341.01,345.36,337.45,339.62,1594617.0,24504.0,339.995982
SPGI,2020-11-17 05:00:00+00:00,338.3,341.19,336.25,336.66,1208460.0,20145.0,337.584039
SPGI,2020-11-18 05:00:00+00:00,337.86,339.38,334.86,336.48,1059668.0,18329.0,337.117816
SPGI,2020-11-19 05:00:00+00:00,338.06,339.96,334.56,338.63,1272698.0,20119.0,337.947884
SPGI,2020-11-20 05:00:00+00:00,338.0,342.455,336.645,338.28,940412.0,17284.0,338.986974
SPGI,2020-11-23 05:00:00+00:00,339.26,341.54,333.635,337.12,982218.0,17036.0,336.985503
SPGI,2020-11-24 05:00:00+00:00,336.6,339.0,333.86,334.21,1809047.0,21105.0,335.126994
SPGI,2020-11-25 05:00:00+00:00,335.37,338.155,333.9,338.04,1228735.0,18248.0,336.991508
SPGI,2020-11-27 05:00:00+00:00,340.5,344.13,339.15,341.57,453511.0,9563.0,341.401968
SPGI,2020-11-30 05:00:00+00:00,342.77,353.16,342.25,351.78,3973599.0,45914.0,350.370904
SPGI,2020-12-01 05:00:00+00:00,352.73,352.73,332.995,334.32,2400021.0,42026.0,339.130817
SPGI,2020-12-02 05:00:00+00:00,338.62,338.68,330.77,333.28,1839082.0,33878.0,333.713928
SPGI,2020-12-03 05:00:00+00:00,330.36,334.6,325.66,326.61,1857899.0,32473.0,328.767784
SPGI,2020-12-04 05:00:00+00:00,330.8,339.5,329.04,339.45,3277091.0,43983.0,336.259751
SPGI,2020-12-07 05:00:00+00:00,338.23,340.19,332.845,336.24,1860818.0,28791.0,335.590229
SPGI,2020-12-08 05:00:00+00:00,335.3,336.93,333.13,333.7,1775850.0,24460.0,334.639971
SPGI,2020-12-09 05:00:00+00:00,334.25,335.155,323.905,327.28,2176682.0,36607.0,327.354599
SPGI,2020-12-10 05:00:00+00:00,327.0,329.18,323.85,325.83,1631170.0,26206.0,325.817708
SPGI,2020-12-11 05:00:00+00:00,324.9,329.035,323.26,324.82,1582064.0,26326.0,325.200847
SPGI,2020-12-14 05:00:00+00:00,327.43,328.78,323.27,323.68,1870982.0,27632.0,325.207875
SPGI,2020-12-15 05:00:00+00:00,324.68,326.68,323.2601,323.84,1365561.0,21736.0,324.785657
SPGI,2020-12-16 05:00:00+00:00,325.5,325.5,319.74,320.87,2008464.0,37297.0,321.655209
SPGI,2020-12-17 05:00:00+00:00,322.89,322.89,316.43,321.06,3257036.0,45423.0,320.472955
SPGI,2020-12-18 05:00:00+00:00,321.25,323.42,319.16,322.5,3817582.0,36946.0,321.86033
SPGI,2020-12-21 05:00:00+00:00,318.7,319.92,311.68,319.58,2800277.0,37407.0,318.562778
SPGI,2020-12-22 05:00:00+00:00,318.55,320.25,314.93,318.93,1761269.0,30146.0,317.995312
SPGI,2020-12-23 05:00:00+00:00,320.0,321.57,313.56,313.63,1176871.0,24479.0,316.166656
SPGI,2020-12-24 05:00:00+00:00,313.23,316.94,313.23,316.58,519530.0,10518.0,315.574367
SPGI,2020-12-28 05:00:00+00:00,318.93,319.02,314.37,318.04,1153399.0,22392.0,317.428814
SPGI,2020-12-29 05:00:00+00:00,320.49,322.91,319.79,321.49,1164724.0,22756.0,321.586104
SPGI,2020-12-30 05:00:00+00:00,322.71,324.29,320.76,323.63,1542434.0,24377.0,323.204318
SPGI,2020-12-31 05:00:00+00:00,324.3,328.85,323.305,328.73,1210480.0,18948.0,327.474808
SPGI,2021-01-04 05:00:00+00:00,331.71,336.73,330.5,333.25,3493714.0,50038.0,333.617466
SPGI,2021-01-05 05:00:00+00:00,331.78,334.65,325.0934,328.45,2152225.0,35506.0,329.534015
SPGI,2021-01-06 05:00:00+00:00,327.06,330.4774,324.15,328.86,1820065.0,35492.0,327.940256
SPGI,2021-01-07 05:00:00+00:00,329.42,333.47,326.3904,329.07,2067042.0,32967.0,329.492106
SPGI,2021-01-08 05:00:00+00:00,331.0,331.2,322.69,326.85,1668202.0,22823.0,326.400233
SPGI,2021-01-11 05:00:00+00:00,324.76,325.45,318.69,319.2,1658332.0,31456.0,320.395971
SPGI,2021-01-12 05:00:00+00:00,319.75,319.75,313.26,315.86,2499943.0,33266.0,315.503543
SPGI,2021-01-13 05:00:00+00:00,314.6,315.52,311.36,312.05,2094715.0,30890.0,313.230203
SPGI,2021-01-14 05:00:00+00:00,312.95,316.4,305.0,306.18,2039854.0,33790.0,308.01407
SPGI,2021-01-15 05:00:00+00:00,306.4,307.72,303.54,305.95,2843636.0,40788.0,305.707926
SPGI,2021-01-19 05:00:00+00:00,307.5,314.12,306.71,313.14,2401430.0,41829.0,311.304032
SPGI,2021-01-20 05:00:00+00:00,316.01,324.45,315.0075,321.94,3093998.0,39386.0,321.028575
SPGI,2021-01-21 05:00:00+00:00,322.99,322.99,316.585,317.72,1753517.0,26360.0,318.255384
SPGI,2021-01-22 05:00:00+00:00,316.77,320.61,315.06,315.14,1642346.0,23912.0,317.103109
SPGI,2021-01-25 05:00:00+00:00,316.04,318.22,311.7126,314.93,1571175.0,25470.0,315.238193
SPGI,2021-01-26 05:00:00+00:00,315.37,321.04,313.28,319.01,1600971.0,26240.0,318.146806
SPGI,2021-01-27 05:00:00+00:00,318.1,327.65,303.5,306.3,3250583.0,50789.0,309.50462
SPGI,2021-01-28 05:00:00+00:00,308.71,323.675,307.07,318.97,2915998.0,39322.0,319.394148
SPGI,2021-01-29 05:00:00+00:00,314.67,320.15,311.865,317.0,3034895.0,42327.0,315.946178
SPGI,2021-02-01 05:00:00+00:00,319.75,322.89,317.18,321.84,1902164.0,34230.0,321.557157
SPGI,2021-02-02 05:00:00+00:00,324.23,332.15,324.075,330.1,2580032.0,41329.0,329.929797
SPGI,2021-02-03 05:00:00+00:00,330.0,330.0,324.17,324.25,1816436.0,29537.0,325.710937
SPGI,2021-02-04 05:00:00+00:00,324.69,328.47,324.25,328.45,1306436.0,21589.0,326.948627
SPGI,2021-02-05 05:00:00+00:00,328.95,332.46,323.48,324.02,2304784.0,34425.0,325.358769
SPGI,2021-02-08 05:00:00+00:00,325.56,326.3,322.94,325.44,1363227.0,23757.0,324.616653
SPGI,2021-02-09 05:00:00+00:00,330.0,338.47,326.68,332.39,3256408.0,49331.0,335.450373
SPGI,2021-02-10 05:00:00+00:00,334.97,336.85,330.64,333.0,1926295.0,32634.0,333.283507
SPGI,2021-02-11 05:00:00+00:00,334.35,339.81,333.0,339.39,1755675.0,34405.0,337.787897
SPGI,2021-02-12 05:00:00+00:00,337.67,340.55,337.24,339.45,2254602.0,29980.0,339.10641
SPGI,2021-02-16 05:00:00+00:00,342.0,342.0,336.5,338.33,2434152.0,34506.0,338.495504
SPGI,2021-02-17 05:00:00+00:00,335.36,339.09,334.62,338.93,1437335.0,25515.0,337.682539
SPGI,2021-02-18 05:00:00+00:00,337.09,341.04,337.09,338.46,1355323.0,23002.0,338.338162
SPGI,2021-02-19 05:00:00+00:00,339.13,341.92,338.48,339.24,1409921.0,24105.0,339.514305
SPGI,2021-02-22 05:00:00+00:00,339.24,339.24,331.5901,333.29,1709679.0,27801.0,333.781336
SPGI,2021-02-23 05:00:00+00:00,331.91,331.91,323.07,325.18,2392113.0,47775.0,325.894534
SPGI,2021-02-24 05:00:00+00:00,326.0,332.18,322.37,331.79,1774146.0,32494.0,328.299215
SPGI,2021-02-25 05:00:00+00:00,331.49,335.73,329.46,330.55,2797343.0,40230.0,332.331023
SPGI,2021-02-26 05:00:00+00:00,332.04,333.27,326.385,329.36,2010084.0,26052.0,329.949283
SPGI,2021-03-01 05:00:00+00:00,331.52,338.9,330.17,337.53,1326159.0,25104.0,336.18128
SPGI,2021-03-02 05:00:00+00:00,336.21,337.41,332.73,332.94,1907581.0,26208.0,333.620077
SPGI,2021-03-03 05:00:00+00:00,330.19,331.66,326.28,326.53,1930100.0,24337.0,327.631635
SPGI,2021-03-04 05:00:00+00:00,326.23,334.55,325.5,327.54,2253415.0,36427.0,328.296261
SPGI,2021-03-05 05:00:00+00:00,330.0,334.81,327.31,334.52,2507117.0,42690.0,332.296901
SPGI,2021-03-08 05:00:00+00:00,334.01,346.66,333.47,342.72,1994329.0,35321.0,342.78689
SPGI,2021-03-09 05:00:00+00:00,347.34,351.37,341.86,342.12,2207864.0,35371.0,345.085027
SPGI,2021-03-10 05:00:00+00:00,343.21,345.0,340.45,344.35,1363836.0,21456.0,343.766697
SPGI,2021-03-11 05:00:00+00:00,345.8,346.71,342.74,345.14,1808258.0,27596.0,345.038067
SPGI,2021-03-12 05:00:00+00:00,345.14,346.23,341.3,345.61,1326483.0,19946.0,344.651013
SPGI,2021-03-15 04:00:00+00:00,344.54,351.79,344.54,351.49,1726683.0,28771.0,349.828971
SPGI,2021-03-16 04:00:00+00:00,352.29,357.95,347.78,348.61,1437225.0,26106.0,350.777349
SPGI,2021-03-17 04:00:00+00:00,348.08,351.29,345.73,350.19,1627052.0,27569.0,349.331916
SPGI,2021-03-18 04:00:00+00:00,350.58,352.24,343.13,348.46,1832839.0,31240.0,348.01546
SPGI,2021-03-19 04:00:00+00:00,347.05,349.63,346.28,347.37,3128889.0,26595.0,347.57333
SPGI,2021-03-22 04:00:00+00:00,345.97,350.71,344.65,345.54,1040507.0,20619.0,346.456416
SPGI,2021-03-23 04:00:00+00:00,345.55,348.34,342.6,346.83,1749949.0,28238.0,346.312927
SPGI,2021-03-24 04:00:00+00:00,347.06,353.18,346.26,351.79,1157408.0,22587.0,350.737498
SPGI,2021-03-25 04:00:00+00:00,351.86,351.86,347.795,351.3,1497897.0,30170.0,350.083405
SPGI,2021-03-26 04:00:00+00:00,351.77,359.59,351.07,359.55,1282673.0,27019.0,356.835524
SPGI,2021-03-29 04:00:00+00:00,358.67,362.1486,358.24,361.74,1686599.0,25554.0,361.07493
SPGI,2021-03-30 04:00:00+00:00,359.17,359.635,352.31,352.78,1428270.0,25488.0,354.111246
SPGI,2021-03-31 04:00:00+00:00,353.51,355.73,351.58,352.87,1357761.0,22619.0,353.343222
SPGI,2021-04-01 04:00:00+00:00,359.44,362.97,355.51,362.65,1356806.0,27942.0,361.236034
SPGI,2021-04-05 04:00:00+00:00,363.2,368.4075,361.37,367.17,1252610.0,19730.0,366.667628
SPGI,2021-04-06 04:00:00+00:00,366.08,368.29,364.345,365.85,1044434.0,20919.0,366.331005
SPGI,2021-04-07 04:00:00+00:00,365.23,367.08,359.405,361.2,1364515.0,24087.0,361.701562
SPGI,2021-04-08 04:00:00+00:00,364.4,369.07,362.0,365.61,1037208.0,22138.0,365.528678
SPGI,2021-04-09 04:00:00+00:00,366.4,369.3,363.68,369.1,1455937.0,27083.0,366.496984
SPGI,2021-04-12 04:00:00+00:00,368.54,371.77,366.2,371.11,1035534.0,25470.0,370.441141
SPGI,2021-04-13 04:00:00+00:00,369.17,374.72,369.17,372.97,947785.0,20726.0,372.643785
SPGI,2021-04-14 04:00:00+00:00,374.14,376.79,371.01,372.03,893123.0,20056.0,372.994779
SPGI,2021-04-15 04:00:00+00:00,374.33,376.41,372.97,375.07,965757.0,21848.0,374.411999
SPGI,2021-04-16 04:00:00+00:00,378.13,378.32,374.17,378.07,2062257.0,21843.0,377.495375
SPGI,2021-04-19 04:00:00+00:00,377.51,377.51,376.44,376.44,11317.0,1.0,377.51
SPGI,2021-04-20 04:00:00+00:00,375.0,379.31,372.94,379.06,1516568.0,25986.0,378.011233
SPGI,2021-04-21 04:00:00+00:00,380.0,383.17,379.39,382.76,1348587.0,24312.0,382.281657
SPGI,2021-04-22 04:00:00+00:00,381.05,385.47,380.89,383.31,1156378.0,22075.0,383.437224
SPGI,2021-04-23 04:00:00+00:00,385.04,389.43,383.61,388.14,1423113.0,23469.0,387.575069
SPGI,2021-04-26 04:00:00+00:00,388.34,388.34,383.4,383.93,1105144.0,19363.0,384.696101
SPGI,2021-04-27 04:00:00+00:00,385.67,386.44,381.22,384.14,1422424.0,22326.0,383.486703
SPGI,2021-04-28 04:00:00+00:00,387.23,388.42,380.06,380.08,1688743.0,29595.0,383.00605
SPGI,2021-04-29 04:00:00+00:00,385.0,393.55,382.48,392.7,1783215.0,35629.0,390.381601
SPGI,2021-04-30 04:00:00+00:00,391.04,394.935,388.48,390.39,1729102.0,29320.0,391.008193
SPGI,2021-05-03 04:00:00+00:00,391.01,394.12,390.18,393.9,1140038.0,23611.0,393.098904
SPGI,2021-05-04 04:00:00+00:00,392.38,397.13,391.24,397.13,1950587.0,29629.0,395.862661
SPGI,2021-05-05 04:00:00+00:00,398.0,398.55,391.32,392.06,1224059.0,21321.0,393.172682
SPGI,2021-05-06 04:00:00+00:00,393.79,394.1,385.99,389.57,1612972.0,29421.0,388.586484
SPGI,2021-05-07 04:00:00+00:00,390.76,391.62,388.8,390.71,1153823.0,24112.0,390.241166
SPGI,2021-05-10 04:00:00+00:00,392.62,396.0,389.87,390.36,1319502.0,28042.0,391.955145
SPGI,2021-05-11 04:00:00+00:00,385.0,386.315,378.18,379.67,2035831.0,38639.0,380.85196
SPGI,2021-05-12 04:00:00+00:00,377.48,378.041,368.02,369.69,1817634.0,46656.0,371.596801
SPGI,2021-05-13 04:00:00+00:00,372.19,380.4399,371.14,379.7,2085629.0,36716.0,378.793274
SPGI,2021-05-14 04:00:00+00:00,380.03,380.99,377.26,379.16,1563385.0,29089.0,378.668996
SPGI,2021-05-17 04:00:00+00:00,379.1,379.1,373.38,374.95,2520236.0,28143.0,375.272506
SPGI,2021-05-18 04:00:00+00:00,374.83,374.95,370.01,370.12,1556697.0,22864.0,371.979608
SPGI,2021-05-19 04:00:00+00:00,366.91,370.78,364.12,370.67,1610050.0,28273.0,368.689299
SPGI,2021-05-20 04:00:00+00:00,371.57,377.34,371.51,374.53,1625830.0,28696.0,374.714792
SPGI,2021-05-21 04:00:00+00:00,375.46,379.33,375.1,377.5,2490244.0,26462.0,377.516407
SPGI,2021-05-24 04:00:00+00:00,378.08,383.33,378.0,379.05,1805165.0,30108.0,379.684651
SPGI,2021-05-25 04:00:00+00:00,380.41,381.605,378.24,378.59,1310839.0,23928.0,379.373936
SPGI,2021-05-26 04:00:00+00:00,379.44,381.2,377.34,378.67,1322929.0,23526.0,379.401073
SPGI,2021-05-27 04:00:00+00:00,378.53,382.91,377.18,380.54,1950457.0,28850.0,380.604967
SPGI,2021-05-28 04:00:00+00:00,383.44,383.61,378.77,379.47,2669749.0,27815.0,380.531271
SPGI,2021-06-01 04:00:00+00:00,382.18,382.35,372.94,373.46,2101709.0,32280.0,375.356406
SPGI,2021-06-02 04:00:00+00:00,373.3,380.8,373.3,379.83,1979341.0,36395.0,379.013849
SPGI,2021-06-03 04:00:00+00:00,378.6,382.58,375.23,381.35,2269510.0,32944.0,380.653534
SPGI,2021-06-04 04:00:00+00:00,381.92,385.13,381.06,384.58,1417661.0,25573.0,383.624913
SPGI,2021-06-07 04:00:00+00:00,384.8,385.67,380.64,381.23,1201844.0,24863.0,381.977283
SPGI,2021-06-08 04:00:00+00:00,381.24,384.61,379.09,384.39,1832721.0,25071.0,383.356301
SPGI,2021-06-09 04:00:00+00:00,386.45,386.99,383.94,384.61,1527064.0,24233.0,385.442358
SPGI,2021-06-10 04:00:00+00:00,384.0,387.57,382.44,386.73,1263017.0,22610.0,385.479386
SPGI,2021-06-11 04:00:00+00:00,388.53,392.94,387.41,392.49,1667904.0,27210.0,390.763224
SPGI,2021-06-14 04:00:00+00:00,388.86,396.52,388.18,396.37,1596796.0,30444.0,394.335582
SPGI,2021-06-15 04:00:00+00:00,398.81,399.11,395.14,396.02,2071269.0,34502.0,396.969011
SPGI,2021-06-16 04:00:00+00:00,397.05,399.12,390.72,392.76,1602251.0,30890.0,393.655071
SPGI,2021-06-17 04:00:00+00:00,393.73,401.27,393.53,400.16,2654655.0,35527.0,399.501785
SPGI,2021-06-18 04:00:00+00:00,398.58,399.33,389.75,390.71,3280322.0,36755.0,392.441651
SPGI,2021-06-21 04:00:00+00:00,392.83,400.19,389.77,399.52,1821490.0,23943.0,398.160799
SPGI,2021-06-22 04:00:00+00:00,398.9,404.89,396.87,403.86,1507734.0,25067.0,402.208865
SPGI,2021-06-23 04:00:00+00:00,403.65,404.81,400.64,400.83,1393558.0,23976.0,402.065197
SPGI,2021-06-24 04:00:00+00:00,404.08,412.46,402.15,411.18,2306794.0,38341.0,409.137536
SPGI,2021-06-25 04:00:00+00:00,410.84,412.93,407.58,412.36,2332109.0,28535.0,411.167244
SPGI,2021-06-28 04:00:00+00:00,412.0,414.77,410.43,410.8,1183713.0,26533.0,411.504602
SPGI,2021-06-29 04:00:00+00:00,405.75,411.86,402.6,410.58,1845161.0,39077.0,408.913255
SPGI,2021-06-30 04:00:00+00:00,409.87,411.54,408.2,410.45,1799568.0,28145.0,410.309934
SPGI,2021-07-01 04:00:00+00:00,411.94,414.01,410.53,412.2,1091667.0,24510.0,412.233512
SPGI,2021-07-02 04:00:00+00:00,413.15,415.21,411.74,414.63,1029154.0,19466.0,413.962865
SPGI,2021-07-06 04:00:00+00:00,415.0,416.65,410.17,415.67,1416468.0,23817.0,414.493504
SPGI,2021-07-07 04:00:00+00:00,416.91,419.96,414.34,419.16,816018.0,20551.0,418.446183
SPGI,2021-07-08 04:00:00+00:00,414.84,419.31,414.74,417.06,1651559.0,29138.0,417.005953
SPGI,2021-07-09 04:00:00+00:00,417.35,419.48,410.77,414.68,1692000.0,30877.0,414.093055
SPGI,2021-07-12 04:00:00+00:00,416.4,417.73,408.97,411.75,1716530.0,33498.0,411.895007
SPGI,2021-07-13 04:00:00+00:00,410.79,412.845,408.03,408.95,1238873.0,25294.0,409.313033
SPGI,2021-07-14 04:00:00+00:00,409.0,410.8,407.565,410.58,890848.0,19905.0,409.575962
SPGI,2021-07-15 04:00:00+00:00,409.12,413.0,409.12,411.52,969774.0,20574.0,411.20432
SPGI,2021-07-16 04:00:00+00:00,413.11,415.26,411.63,414.42,1145548.0,19524.0,414.117737
SPGI,2021-07-19 04:00:00+00:00,411.57,414.965,406.1,409.15,1390366.0,33789.0,409.202586
SPGI,2021-07-20 04:00:00+00:00,410.5,419.38,408.76,416.38,1051779.0,25162.0,416.446605
SPGI,2021-07-21 04:00:00+00:00,418.15,420.62,416.66,417.06,1152213.0,21702.0,417.698341
SPGI,2021-07-22 04:00:00+00:00,418.89,419.48,415.985,418.6,958806.0,18971.0,418.498765
SPGI,2021-07-23 04:00:00+00:00,420.7,422.7,417.78,418.5,1064094.0,24428.0,419.479598
SPGI,2021-07-26 04:00:00+00:00,416.64,418.88,408.51,413.4,1326031.0,28305.0,413.336559
SPGI,2021-07-27 04:00:00+00:00,412.4,415.43,407.92,412.79,1944007.0,36637.0,411.841081
SPGI,2021-07-28 04:00:00+00:00,415.2,416.44,409.29,411.59,1585908.0,38758.0,411.90185
SPGI,2021-07-29 04:00:00+00:00,419.8,427.93,416.0,423.57,1970262.0,41670.0,423.961225
SPGI,2021-07-30 04:00:00+00:00,424.05,429.93,422.52,428.72,1833415.0,33349.0,428.417621
SPGI,2021-08-02 04:00:00+00:00,430.6,436.16,428.55,434.25,2082093.0,39994.0,433.707107
SPGI,2021-08-03 04:00:00+00:00,434.15,436.08,428.49,436.05,1794822.0,38376.0,433.7721
SPGI,2021-08-04 04:00:00+00:00,436.05,444.64,434.34,439.5,2444081.0,49469.0,440.823018
SPGI,2021-08-05 04:00:00+00:00,441.12,443.83,436.82,441.72,1565882.0,31025.0,440.225515
SPGI,2021-08-06 04:00:00+00:00,441.02,442.385,437.32,441.58,1357443.0,23531.0,440.822453
SPGI,2021-08-09 04:00:00+00:00,440.97,442.0,434.485,436.11,1355983.0,29453.0,436.326508
SPGI,2021-08-10 04:00:00+00:00,438.77,438.77,433.295,434.49,968435.0,26857.0,435.106124
SPGI,2021-08-11 04:00:00+00:00,435.55,437.19,431.1,433.6,1185826.0,23667.0,433.659714
SPGI,2021-08-12 04:00:00+00:00,435.88,437.03,432.44,436.75,1026381.0,20892.0,435.127294
SPGI,2021-08-13 04:00:00+00:00,438.0,442.06,436.4601,441.74,1129647.0,25169.0,440.255144
SPGI,2021-08-16 04:00:00+00:00,440.83,446.29,438.45,446.11,1310192.0,27939.0,444.948752
SPGI,2021-08-17 04:00:00+00:00,444.3,445.28,441.37,444.18,1061877.0,24340.0,443.646511
SPGI,2021-08-18 04:00:00+00:00,445.0,445.0,429.75,430.0,1799664.0,34257.0,436.353245
SPGI,2021-08-19 04:00:00+00:00,424.91,435.18,422.79,433.94,1676917.0,33499.0,430.820372
SPGI,2021-08-20 04:00:00+00:00,433.67,439.24,431.85,437.52,2043206.0,24407.0,437.201644
SPGI,2021-08-23 04:00:00+00:00,439.96,442.39,436.875,439.02,981472.0,23437.0,439.882698
SPGI,2021-08-24 04:00:00+00:00,440.64,441.49,437.0,437.6,954852.0,19346.0,438.329332
SPGI,2021-08-25 04:00:00+00:00,437.13,438.26,433.36,437.85,673672.0,14278.0,437.099552
SPGI,2021-08-26 04:00:00+00:00,439.09,439.09,433.77,437.16,592588.0,13440.0,437.127147
SPGI,2021-08-27 04:00:00+00:00,439.04,440.82,436.075,438.3,950274.0,20977.0,438.121323
SPGI,2021-08-30 04:00:00+00:00,440.43,446.26,438.001,444.07,1101136.0,21511.0,443.850762
SPGI,2021-08-31 04:00:00+00:00,444.43,446.63,442.88,443.82,1247406.0,23407.0,444.038441
SPGI,2021-09-01 04:00:00+00:00,445.35,450.47,442.005,448.62,1043747.0,28671.0,447.544208
SPGI,2021-09-02 04:00:00+00:00,451.54,453.6,446.09,449.4,945101.0,22966.0,449.045183
SPGI,2021-09-03 04:00:00+00:00,449.48,454.16,447.67,452.08,1088114.0,25354.0,451.914774
SPGI,2021-09-07 04:00:00+00:00,451.77,452.3,443.04,446.72,1082729.0,24897.0,447.204464
SPGI,2021-09-08 04:00:00+00:00,447.52,451.9,445.58,450.61,1073202.0,27040.0,450.144746
SPGI,2021-09-09 04:00:00+00:00,454.02,456.63,450.09,451.39,1153167.0,32826.0,452.125404
SPGI,2021-09-10 04:00:00+00:00,452.21,455.03,449.3,450.24,1051456.0,26000.0,451.436367
SPGI,2021-09-13 04:00:00+00:00,453.83,456.59,443.83,449.42,1439900.0,40663.0,448.584046
SPGI,2021-09-14 04:00:00+00:00,449.68,455.15,449.3,451.59,892145.0,21557.0,451.738077
SPGI,2021-09-15 04:00:00+00:00,453.99,454.18,448.56,452.15,1029422.0,25222.0,451.881763
SPGI,2021-09-16 04:00:00+00:00,451.84,455.055,451.34,454.05,1300958.0,27208.0,453.677745
SPGI,2021-09-17 04:00:00+00:00,452.15,453.81,445.04,446.42,1934831.0,22704.0,447.390007
SPGI,2021-09-20 04:00:00+00:00,440.61,445.56,439.3,444.87,1243004.0,30579.0,443.51485
SPGI,2021-09-21 04:00:00+00:00,447.14,448.0,443.66,445.2,842793.0,25002.0,445.678086
SPGI,2021-09-22 04:00:00+00:00,448.98,448.98,441.45,445.64,1215802.0,32665.0,445.701549
SPGI,2021-09-23 04:00:00+00:00,448.32,455.4,448.07,451.67,1173580.0,27585.0,452.037791
SPGI,2021-09-24 04:00:00+00:00,449.9,453.14,449.14,453.08,639074.0,18427.0,451.91173
SPGI,2021-09-27 04:00:00+00:00,451.41,451.59,441.53,445.33,871972.0,23394.0,445.339192
SPGI,2021-09-28 04:00:00+00:00,438.66,442.01,420.03,426.11,2089464.0,54441.0,426.90175
SPGI,2021-09-29 04:00:00+00:00,429.0,431.05,424.33,426.62,1300360.0,31310.0,427.502769
SPGI,2021-09-30 04:00:00+00:00,429.34,432.81,424.58,424.89,1475820.0,28924.0,426.231656
SPGI,2021-10-01 04:00:00+00:00,426.03,429.74,421.0,428.36,1397891.0,34239.0,426.779309
SPGI,2021-10-04 04:00:00+00:00,426.43,428.405,414.935,415.85,1290214.0,31404.0,417.218163
SPGI,2021-10-05 04:00:00+00:00,419.67,428.2,417.215,425.13,1305069.0,35765.0,424.602071
SPGI,2021-10-06 04:00:00+00:00,421.11,428.31,418.8,427.76,997512.0,30419.0,425.787032
SPGI,2021-10-07 04:00:00+00:00,432.4,436.705,431.61,432.8,851882.0,21710.0,433.497012
SPGI,2021-10-08 04:00:00+00:00,431.8,432.26,426.18,429.72,672288.0,17104.0,429.92934
SPGI,2021-10-11 04:00:00+00:00,427.79,434.47,426.18,428.49,716052.0,18627.0,430.11408
SPGI,2021-10-12 04:00:00+00:00,431.44,434.88,426.15,430.67,1540245.0,27762.0,429.911522
SPGI,2021-10-13 04:00:00+00:00,433.0,433.5,424.54,430.43,1402784.0,24658.0,429.326178
SPGI,2021-10-14 04:00:00+00:00,435.44,445.99,433.89,441.78,1566195.0,25918.0,440.682323
SPGI,2021-10-15 04:00:00+00:00,445.75,446.48,442.64,443.92,1194793.0,22609.0,444.361862
SPGI,2021-10-18 04:00:00+00:00,444.01,448.36,442.04,447.86,985344.0,22679.0,446.92804
SPGI,2021-10-19 04:00:00+00:00,449.9,453.135,447.0,451.09,1145355.0,24234.0,450.556385
SPGI,2021-10-20 04:00:00+00:00,452.05,453.0,435.89,440.56,1824806.0,34573.0,440.829296
SPGI,2021-10-21 04:00:00+00:00,440.54,446.05,436.83,445.44,1144888.0,24570.0,444.384189
SPGI,2021-10-22 04:00:00+00:00,446.07,451.2,443.85,450.49,1487764.0,31470.0,448.44867
SPGI,2021-10-25 04:00:00+00:00,450.14,450.14,447.37,447.37,134677.0,3.0,447.619787
SPGI,2021-10-26 04:00:00+00:00,454.02,470.81,452.775,464.62,2487339.0,52128.0,465.16175
SPGI,2021-10-27 04:00:00+00:00,465.28,470.21,462.35,462.6,1379144.0,32364.0,465.273612
SPGI,2021-10-28 04:00:00+00:00,460.56,475.249,460.56,469.51,1971517.0,29552.0,470.121925
SPGI,2021-10-29 04:00:00+00:00,467.99,475.66,466.14,474.16,1946551.0,35332.0,473.595148
SPGI,2021-11-01 04:00:00+00:00,474.12,476.17,457.76,463.18,1376968.0,34827.0,463.228245
SPGI,2021-11-02 04:00:00+00:00,464.63,469.415,460.465,461.18,1066575.0,25968.0,462.448642
SPGI,2021-11-03 04:00:00+00:00,458.25,460.97,452.49,455.05,1805040.0,32193.0,456.246379
SPGI,2021-11-04 04:00:00+00:00,455.53,466.0,455.0,462.75,1615670.0,33732.0,462.347238
SPGI,2021-11-05 04:00:00+00:00,467.1,467.99,458.55,460.29,1290174.0,30177.0,462.659648
SPGI,2021-11-08 05:00:00+00:00,464.14,465.72,458.545,461.66,1252482.0,28507.0,461.289746
SPGI,2021-11-09 05:00:00+00:00,463.03,464.735,459.87,461.98,1060270.0,26837.0,462.074615
SPGI,2021-11-10 05:00:00+00:00,459.65,461.135,450.2,454.21,1116271.0,30849.0,455.106941
SPGI,2021-11-11 05:00:00+00:00,456.79,457.32,451.02,451.52,811566.0,23561.0,452.599084
SPGI,2021-11-12 05:00:00+00:00,452.23,455.32,448.8,453.36,1965089.0,40222.0,453.147436
SPGI,2021-11-15 05:00:00+00:00,453.5,464.065,449.89,459.28,2313290.0,43887.0,459.253784
SPGI,2021-11-16 05:00:00+00:00,458.82,472.16,458.31,470.37,1716578.0,36459.0,469.879972
SPGI,2021-11-17 05:00:00+00:00,467.0,468.94,451.32,465.5,1793277.0,38295.0,463.69876
SPGI,2021-11-18 05:00:00+00:00,468.45,469.0,460.865,463.93,3036375.0,34954.0,465.09792
SPGI,2021-11-19 05:00:00+00:00,467.41,469.0,459.16,461.31,1778841.0,31943.0,462.469706
SPGI,2021-11-22 05:00:00+00:00,464.24,466.09,457.78,458.13,1364524.0,30247.0,460.379649
SPGI,2021-11-23 05:00:00+00:00,454.38,459.0,451.5,458.34,1458373.0,25620.0,456.861326
SPGI,2021-11-24 05:00:00+00:00,455.89,464.5,455.165,463.53,1007696.0,23568.0,461.84397
SPGI,2021-11-26 05:00:00+00:00,457.85,463.2531,453.09,454.53,848006.0,20293.0,456.509149
SPGI,2021-11-29 05:00:00+00:00,459.7,467.1,457.91,464.93,1662049.0,31101.0,462.960614
SPGI,2021-11-30 05:00:00+00:00,460.45,466.75,454.39,455.73,2236741.0,31704.0,458.154265
SPGI,2021-12-01 05:00:00+00:00,461.05,462.52,448.72,449.06,1577108.0,38259.0,454.425861
SPGI,2021-12-02 05:00:00+00:00,448.04,462.5793,447.95,460.97,1563523.0,33092.0,459.070881
SPGI,2021-12-03 05:00:00+00:00,462.69,465.489,445.43,455.82,1617883.0,34424.0,454.311874
SPGI,2021-12-06 05:00:00+00:00,460.19,460.19,451.61,456.53,1575144.0,26115.0,456.317692
SPGI,2021-12-07 05:00:00+00:00,466.71,470.59,463.065,470.46,1297037.0,28884.0,469.095862
SPGI,2021-12-08 05:00:00+00:00,471.35,473.41,468.84,473.0,1124179.0,27515.0,472.159177
SPGI,2021-12-09 05:00:00+00:00,471.34,472.03,467.34,467.66,1032963.0,27074.0,469.03701
SPGI,2021-12-10 05:00:00+00:00,469.81,473.86,465.31,473.67,1099769.0,22784.0,471.818909
SPGI,2021-12-13 05:00:00+00:00,475.13,481.605,473.08,478.86,1740644.0,28781.0,478.668181
SPGI,2021-12-14 05:00:00+00:00,475.77,478.03,464.84,470.34,1706691.0,27583.0,470.765609
SPGI,2021-12-15 05:00:00+00:00,471.37,479.53,469.64,478.97,1350868.0,23696.0,477.014383
SPGI,2021-12-16 05:00:00+00:00,480.91,484.21,471.495,476.83,1654333.0,30952.0,477.251204
SPGI,2021-12-17 05:00:00+00:00,475.43,475.56,464.845,467.64,3222273.0,34360.0,469.76382
SPGI,2021-12-20 05:00:00+00:00,462.36,462.36,454.0,460.34,2297990.0,29758.0,460.07407
SPGI,2021-12-21 05:00:00+00:00,464.71,470.9,463.045,470.49,842378.0,23244.0,469.049362
SPGI,2021-12-22 05:00:00+00:00,470.97,473.7,468.6,473.26,958213.0,21217.0,472.645954
SPGI,2021-12-23 05:00:00+00:00,474.31,477.42,473.47,473.74,1440179.0,18967.0,474.72053
SPGI,2021-12-27 05:00:00+00:00,478.24,480.265,472.51,478.1,965340.0,22154.0,477.256397
SPGI,2021-12-28 05:00:00+00:00,478.63,481.44,474.51,475.1,786973.0,21626.0,477.066888
SPGI,2021-12-29 05:00:00+00:00,475.92,477.485,472.35,474.55,796924.0,19969.0,474.770653
SPGI,2021-12-30 05:00:00+00:00,474.94,476.78,470.05,470.48,878885.0,23805.0,472.153975
SPGI,2021-12-31 05:00:00+00:00,469.58,473.93,469.02,471.93,1017054.0,19960.0,471.688008
SPGI,2022-01-03 05:00:00+00:00,472.83,472.83,458.25,461.1,1428962.0,38610.0,463.169188
SPGI,2022-01-04 05:00:00+00:00,465.02,465.02,456.9591,459.82,1367474.0,35229.0,460.255415
SPGI,2022-01-05 05:00:00+00:00,461.23,463.15,455.41,455.76,1488501.0,31273.0,457.95663
SPGI,2022-01-06 05:00:00+00:00,453.73,454.955,446.545,451.96,1632214.0,34246.0,451.406849
SPGI,2022-01-07 05:00:00+00:00,450.08,452.08,446.13,446.75,1267863.0,24647.0,447.889326
SPGI,2022-01-10 05:00:00+00:00,439.1,442.41,428.32,435.39,2647557.0,49577.0,433.798401
SPGI,2022-01-11 05:00:00+00:00,435.39,441.17,430.9,441.02,1643251.0,35105.0,437.888499
SPGI,2022-01-12 05:00:00+00:00,443.53,450.59,442.57,447.84,2058776.0,40574.0,447.48021
SPGI,2022-01-13 05:00:00+00:00,447.83,450.07,434.7,436.27,1298933.0,26999.0,439.50185
SPGI,2022-01-14 05:00:00+00:00,433.14,434.495,427.28,432.36,1600860.0,34975.0,431.409384
SPGI,2022-01-18 05:00:00+00:00,426.21,427.7,420.64,424.15,1733108.0,35642.0,424.418406
SPGI,2022-01-19 05:00:00+00:00,427.43,434.775,422.47,422.95,1676759.0,30877.0,426.469735
SPGI,2022-01-20 05:00:00+00:00,425.29,431.44,416.42,417.98,1429182.0,28546.0,422.415317
SPGI,2022-01-21 05:00:00+00:00,419.04,425.21,414.35,416.93,1858035.0,37309.0,418.345245
SPGI,2022-01-24 05:00:00+00:00,409.48,417.95,404.375,417.95,547695.0,11446.0,412.606489
SPGI,2022-01-25 05:00:00+00:00,410.56,413.11,399.02,399.53,2791646.0,53522.0,402.305507
SPGI,2022-01-26 05:00:00+00:00,403.14,407.51,397.54,397.54,1602273.0,32029.0,402.143106
SPGI,2022-01-27 05:00:00+00:00,403.72,410.05,393.09,395.08,1919035.0,39093.0,397.826209
SPGI,2022-01-28 05:00:00+00:00,395.23,406.72,390.95,406.62,2118594.0,35233.0,403.880497
SPGI,2022-01-31 05:00:00+00:00,406.65,415.51,405.47,415.22,2111899.0,32876.0,412.860786
SPGI,2022-02-01 05:00:00+00:00,418.45,419.4,409.22,417.46,1687676.0,32248.0,416.118909
SPGI,2022-02-02 05:00:00+00:00,421.3,423.41,417.5,422.07,1783510.0,31694.0,421.66141
SPGI,2022-02-03 05:00:00+00:00,418.0,419.83,412.2,413.15,1366772.0,30608.0,415.345551
SPGI,2022-02-04 05:00:00+00:00,409.4,420.01,408.34,414.39,1603764.0,29876.0,414.695543
SPGI,2022-02-07 05:00:00+00:00,414.09,417.65,403.9,405.25,1600585.0,36855.0,407.891698
SPGI,2022-02-08 05:00:00+00:00,401.34,403.08,391.75,399.78,3083038.0,56049.0,398.887016
SPGI,2022-02-09 05:00:00+00:00,402.77,410.1,401.28,407.29,2597685.0,48178.0,406.428708
SPGI,2022-02-10 05:00:00+00:00,399.33,406.685,394.12,396.45,2611712.0,47658.0,398.909043
SPGI,2022-02-11 05:00:00+00:00,395.0,397.39,386.25,387.66,2881321.0,44517.0,391.127745
SPGI,2022-02-14 05:00:00+00:00,386.5,388.9799,375.45,380.71,3349755.0,59962.0,380.622049
SPGI,2022-02-15 05:00:00+00:00,387.26,390.0,382.81,385.37,1546846.0,33230.0,385.482353
SPGI,2022-02-16 05:00:00+00:00,384.41,389.29,380.61,386.55,1973471.0,34167.0,385.797607
SPGI,2022-02-17 05:00:00+00:00,386.82,388.02,380.91,381.49,1334582.0,35655.0,383.734329
SPGI,2022-02-18 05:00:00+00:00,382.49,383.49,376.47,378.67,1404806.0,30263.0,379.21097
SPGI,2022-02-22 05:00:00+00:00,376.37,384.3,376.05,380.25,1841491.0,37959.0,380.179746
SPGI,2022-02-23 05:00:00+00:00,383.92,384.76,372.76,373.37,2052775.0,38145.0,375.866293
SPGI,2022-02-24 05:00:00+00:00,364.27,383.72,363.54,381.68,2159370.0,44596.0,376.78038
SPGI,2022-02-25 05:00:00+00:00,377.87,384.49,371.0,380.89,8986977.0,131413.0,377.593466
SPGI,2022-02-28 05:00:00+00:00,379.0,389.48,372.13,375.7,6019099.0,79539.0,378.023634
SPGI,2022-03-01 05:00:00+00:00,378.0,396.28,376.18,390.58,12118511.0,87410.0,390.032095
SPGI,2022-03-02 05:00:00+00:00,394.0,406.56,391.98,399.12,6391634.0,73989.0,399.313433
SPGI,2022-03-03 05:00:00+00:00,398.76,408.8,391.15,400.5,5184472.0,66303.0,400.451623
SPGI,2022-03-04 05:00:00+00:00,399.88,408.37,397.26,407.55,3969369.0,53050.0,405.375088
SPGI,2022-03-07 05:00:00+00:00,406.83,407.9899,384.675,385.64,4903406.0,61554.0,390.132529
SPGI,2022-03-08 05:00:00+00:00,388.13,388.13,388.13,388.13,563540.0,19.0,388.13
SPGI,2022-03-09 05:00:00+00:00,401.4,402.11,390.98,391.51,3656503.0,47338.0,393.597189
SPGI,2022-03-10 05:00:00+00:00,381.28,385.74,373.84,382.75,3205612.0,47585.0,381.611515
SPGI,2022-03-11 05:00:00+00:00,385.0,388.645,379.28,379.68,2579396.0,36281.0,381.761116
SPGI,2022-03-14 04:00:00+00:00,383.53,386.34,373.18,377.0,3285491.0,37714.0,377.464542
SPGI,2022-03-15 04:00:00+00:00,380.96,388.36,375.42,387.39,2402272.0,35607.0,386.318374
SPGI,2022-03-16 04:00:00+00:00,389.92,396.39,384.07,392.23,2396017.0,43838.0,390.964808
SPGI,2022-03-17 04:00:00+00:00,391.5,402.97,391.5,402.66,2914809.0,42813.0,399.903015
SPGI,2022-03-18 04:00:00+00:00,404.17,412.0,403.45,409.94,3990954.0,40035.0,408.747935
SPGI,2022-03-21 04:00:00+00:00,405.59,407.99,401.86,404.76,2939900.0,38424.0,404.733975
SPGI,2022-03-22 04:00:00+00:00,406.46,416.53,405.54,414.28,2962206.0,37458.0,413.881815
SPGI,2022-03-23 04:00:00+00:00,411.66,412.865,404.83,405.71,2752288.0,34882.0,406.944693
SPGI,2022-03-24 04:00:00+00:00,409.61,410.62,405.99,407.67,2653777.0,34803.0,407.949427
SPGI,2022-03-25 04:00:00+00:00,408.95,413.85,407.89,413.47,2531382.0,32926.0,412.734406
SPGI,2022-03-28 04:00:00+00:00,414.35,417.61,410.23,414.5,4530107.0,33903.0,414.323036
SPGI,2022-03-29 04:00:00+00:00,419.8,420.82,414.97,417.45,1940957.0,35455.0,417.530673
SPGI,2022-03-30 04:00:00+00:00,416.39,419.4199,415.67,418.95,2923007.0,43939.0,418.449582
SPGI,2022-03-31 04:00:00+00:00,422.5,423.545,410.17,410.18,2898691.0,43440.0,413.560733
SPGI,2022-04-01 04:00:00+00:00,409.98,412.195,405.64,407.88,1941953.0,40928.0,407.985465
SPGI,2022-04-04 04:00:00+00:00,409.97,417.37,408.06,414.3,1941159.0,34851.0,414.577113
SPGI,2022-04-05 04:00:00+00:00,411.93,415.98,410.155,411.88,1459418.0,30252.0,412.743273
SPGI,2022-04-06 04:00:00+00:00,407.53,413.0,406.25,410.88,1808534.0,31921.0,410.384462
SPGI,2022-04-07 04:00:00+00:00,409.3,416.36,408.08,414.99,2557331.0,39991.0,414.059632
SPGI,2022-04-08 04:00:00+00:00,414.04,415.82,410.77,413.09,1195660.0,23819.0,413.606068
SPGI,2022-04-11 04:00:00+00:00,411.23,412.43,401.47,405.61,1701299.0,35124.0,406.120664
SPGI,2022-04-12 04:00:00+00:00,405.96,406.93,396.085,397.31,2461356.0,40397.0,400.395389
SPGI,2022-04-13 04:00:00+00:00,396.0,398.9,390.76,396.31,2865488.0,49484.0,395.851361
SPGI,2022-04-14 04:00:00+00:00,398.21,400.17,387.0,387.59,2752814.0,47416.0,390.038043
SPGI,2022-04-18 04:00:00+00:00,386.49,391.59,385.87,390.56,1427046.0,28643.0,389.706328
SPGI,2022-04-19 04:00:00+00:00,391.33,397.11,389.8,395.35,2076959.0,34542.0,395.19286
SPGI,2022-04-20 04:00:00+00:00,397.8,402.765,396.74,397.25,2102324.0,31290.0,398.577134
SPGI,2022-04-21 04:00:00+00:00,399.23,403.48,389.24,390.83,1741228.0,39808.0,392.655839
SPGI,2022-04-22 04:00:00+00:00,388.518,389.52,379.32,379.66,1976427.0,36408.0,382.465266
SPGI,2022-04-25 04:00:00+00:00,377.25,381.4,373.68,381.22,2419285.0,48633.0,378.478783
SPGI,2022-04-26 04:00:00+00:00,380.25,384.205,374.71,375.5,1880124.0,39042.0,376.647352
SPGI,2022-04-27 04:00:00+00:00,376.76,384.73,376.76,380.64,2248309.0,47918.0,381.001645
SPGI,2022-04-28 04:00:00+00:00,384.65,389.2,379.81,386.55,1878556.0,42319.0,385.674395
SPGI,2022-04-29 04:00:00+00:00,382.33,387.26,375.365,376.5,2657953.0,41466.0,378.324692
SPGI,2022-05-02 04:00:00+00:00,364.0,371.635,360.27,367.32,4071754.0,80758.0,365.822138
SPGI,2022-05-03 04:00:00+00:00,367.05,372.01,356.95,359.63,3010938.0,57367.0,361.223711
SPGI,2022-05-04 04:00:00+00:00,356.8,364.97,347.67,364.32,4078089.0,64470.0,358.073568
SPGI,2022-05-05 04:00:00+00:00,360.22,360.41,343.98,346.9,4621601.0,68292.0,348.367022
SPGI,2022-05-06 04:00:00+00:00,346.82,346.82,337.965,345.76,3662194.0,57278.0,344.032712
SPGI,2022-05-09 04:00:00+00:00,337.4,342.52,327.915,328.77,4481691.0,80376.0,333.430246
SPGI,2022-05-10 04:00:00+00:00,333.73,336.35,322.67,327.99,3009000.0,61124.0,327.541544
SPGI,2022-05-11 04:00:00+00:00,324.72,334.16,323.07,325.81,3408471.0,54462.0,327.729822
SPGI,2022-05-12 04:00:00+00:00,322.97,332.27,322.2,329.66,3694511.0,49741.0,328.333497
SPGI,2022-05-13 04:00:00+00:00,335.3,341.07,332.56,336.85,2840671.0,46997.0,336.875639
SPGI,2022-05-16 04:00:00+00:00,333.34,337.575,330.91,335.36,2836609.0,45935.0,335.086585
SPGI,2022-05-17 04:00:00+00:00,342.2,342.72,335.73,339.28,2494853.0,41162.0,338.993154
SPGI,2022-05-18 04:00:00+00:00,332.41,335.59,329.39,330.12,2874547.0,47516.0,331.171159
SPGI,2022-05-19 04:00:00+00:00,326.46,335.18,324.86,332.07,2598712.0,55195.0,331.376882
SPGI,2022-05-20 04:00:00+00:00,336.53,342.87,334.03,342.42,3782967.0,64213.0,339.471744
SPGI,2022-05-23 04:00:00+00:00,343.56,353.35,342.28,350.52,3008411.0,48064.0,349.656404
SPGI,2022-05-24 04:00:00+00:00,346.95,352.25,345.33,350.87,2291410.0,39617.0,349.560925
SPGI,2022-05-25 04:00:00+00:00,349.83,352.34,345.89,347.66,2855277.0,42494.0,348.63283
SPGI,2022-05-26 04:00:00+00:00,349.64,354.37,347.52,352.47,2250383.0,42030.0,352.753179
SPGI,2022-05-27 04:00:00+00:00,354.25,361.24,354.25,360.64,2393974.0,43789.0,359.181958
SPGI,2022-05-31 04:00:00+00:00,356.47,358.16,348.79,349.48,14088441.0,59296.0,350.222877
SPGI,2022-06-01 04:00:00+00:00,313.01,346.59,311.87,332.01,8254681.0,125817.0,334.129402
SPGI,2022-06-02 04:00:00+00:00,331.09,343.24,331.09,343.04,2809197.0,56635.0,340.788972
SPGI,2022-06-03 04:00:00+00:00,336.43,338.73,331.83,335.93,2307181.0,48054.0,335.863501
SPGI,2022-06-06 04:00:00+00:00,336.82,344.389,336.82,338.64,2062953.0,41870.0,339.797705
SPGI,2022-06-07 04:00:00+00:00,339.14,345.6,338.17,344.46,2140693.0,39654.0,343.506769
SPGI,2022-06-08 04:00:00+00:00,341.71,345.225,337.79,338.69,1781758.0,37114.0,340.108042
SPGI,2022-06-09 04:00:00+00:00,338.43,342.64,336.28,336.43,1928731.0,38889.0,339.013129
SPGI,2022-06-10 04:00:00+00:00,331.07,336.53,328.52,332.76,2753385.0,61261.0,332.567467
SPGI,2022-06-13 04:00:00+00:00,326.16,329.11,321.46,322.36,3823795.0,59379.0,323.630082
SPGI,2022-06-14 04:00:00+00:00,319.92,322.505,314.09,317.43,3101002.0,64998.0,317.345355
SPGI,2022-06-15 04:00:00+00:00,319.94,326.45,317.56,321.34,2506757.0,51014.0,322.123503
SPGI,2022-06-16 04:00:00+00:00,313.45,316.85,312.26,316.03,3004665.0,50278.0,315.183606
SPGI,2022-06-17 04:00:00+00:00,313.45,323.57,313.45,319.93,6770471.0,57753.0,319.52477
SPGI,2022-06-21 04:00:00+00:00,322.84,326.66,318.39,320.02,3902484.0,47999.0,320.516799
SPGI,2022-06-22 04:00:00+00:00,317.69,328.535,316.62,325.17,2229505.0,44209.0,324.628343
SPGI,2022-06-23 04:00:00+00:00,327.17,334.57,326.76,333.74,2244933.0,40332.0,332.182759
SPGI,2022-06-24 04:00:00+00:00,336.29,342.14,333.75,341.66,6035771.0,46859.0,340.954508
SPGI,2022-06-27 04:00:00+00:00,342.45,343.26,337.26,340.47,1943833.0,37761.0,340.28902
SPGI,2022-06-28 04:00:00+00:00,340.27,344.0,331.52,332.7,2148226.0,35188.0,334.775898
SPGI,2022-06-29 04:00:00+00:00,332.71,338.36,332.36,334.75,2088406.0,33806.0,334.857839
SPGI,2022-06-30 04:00:00+00:00,333.52,339.79,331.82,337.06,2519664.0,38684.0,336.843322
SPGI,2022-07-01 04:00:00+00:00,336.73,343.86,334.44,343.33,2089196.0,38035.0,340.459379
SPGI,2022-07-05 04:00:00+00:00,338.27,344.74,336.73,344.32,2517562.0,36757.0,342.385364
SPGI,2022-07-06 04:00:00+00:00,346.75,351.67,344.23,349.02,1905288.0,40293.0,348.744321
SPGI,2022-07-07 04:00:00+00:00,345.0,352.34,345.0,351.83,1925804.0,33158.0,350.127913
SPGI,2022-07-08 04:00:00+00:00,349.18,355.869,349.17,352.48,1915352.0,31074.0,352.691279
SPGI,2022-07-11 04:00:00+00:00,354.07,356.37,348.64,351.61,1675404.0,29713.0,352.01074
SPGI,2022-07-12 04:00:00+00:00,349.84,354.4,344.131,346.05,1825063.0,33988.0,347.888619
SPGI,2022-07-13 04:00:00+00:00,341.29,344.13,339.39,342.02,2770423.0,45847.0,342.085681
SPGI,2022-07-14 04:00:00+00:00,338.59,347.42,336.53,345.17,1697493.0,33772.0,343.916868
SPGI,2022-07-15 04:00:00+00:00,349.48,351.91,347.7674,349.45,2003383.0,30591.0,349.415678
SPGI,2022-07-18 04:00:00+00:00,351.27,355.05,344.65,345.36,1903659.0,30611.0,347.986481
SPGI,2022-07-19 04:00:00+00:00,349.76,357.54,348.63,357.14,1972962.0,32364.0,355.146813
SPGI,2022-07-20 04:00:00+00:00,358.05,362.06,356.87,358.6,1504959.0,29499.0,359.403427
SPGI,2022-07-21 04:00:00+00:00,358.0,361.915,356.69,361.62,2007296.0,38871.0,360.367505
SPGI,2022-07-22 04:00:00+00:00,363.67,364.3,359.75,361.94,1875201.0,32508.0,362.044824
SPGI,2022-07-25 04:00:00+00:00,360.51,360.51,351.78,354.03,2396289.0,36918.0,355.515375
SPGI,2022-07-26 04:00:00+00:00,349.98,360.4,349.85,356.12,2477257.0,37578.0,355.831619
SPGI,2022-07-27 04:00:00+00:00,356.27,362.77,355.73,360.92,1813071.0,33633.0,359.948139
SPGI,2022-07-28 04:00:00+00:00,364.44,375.87,361.88,374.59,1906494.0,34018.0,371.953432
SPGI,2022-07-29 04:00:00+00:00,373.6,378.49,372.84,376.93,2368200.0,34922.0,376.514374
SPGI,2022-08-01 04:00:00+00:00,373.41,377.0,371.96,376.08,1584594.0,35172.0,375.133479
SPGI,2022-08-02 04:00:00+00:00,370.0,375.49,363.44,369.78,2199728.0,37110.0,369.793311
SPGI,2022-08-03 04:00:00+00:00,369.0,371.98,363.18,368.16,1886357.0,30046.0,368.614989
SPGI,2022-08-04 04:00:00+00:00,366.29,378.745,366.29,377.9,2161451.0,38455.0,376.000285
SPGI,2022-08-05 04:00:00+00:00,373.16,377.07,369.37,376.65,1149503.0,23731.0,374.861017
SPGI,2022-08-08 04:00:00+00:00,380.0,380.33,374.23,378.12,1032990.0,22978.0,377.773393
SPGI,2022-08-09 04:00:00+00:00,378.4,379.97,374.1,377.09,1466868.0,22077.0,376.652073
SPGI,2022-08-10 04:00:00+00:00,382.77,394.99,382.77,393.2,2424882.0,41621.0,391.826512
SPGI,2022-08-11 04:00:00+00:00,395.06,395.28,385.68,386.17,1712611.0,33592.0,388.090437
SPGI,2022-08-12 04:00:00+00:00,388.47,392.48,386.13,391.92,1516146.0,21516.0,390.879312
SPGI,2022-08-15 04:00:00+00:00,390.82,395.795,389.96,391.09,1745205.0,26667.0,391.850576
SPGI,2022-08-16 04:00:00+00:00,388.19,390.56,386.39,388.77,1575391.0,27797.0,388.603403
SPGI,2022-08-17 04:00:00+00:00,383.76,390.57,382.91,387.73,1204840.0,23020.0,387.696369
SPGI,2022-08-18 04:00:00+00:00,386.61,388.85,386.21,387.38,1729223.0,20634.0,387.431716
SPGI,2022-08-19 04:00:00+00:00,384.02,384.77,378.75,379.92,3222440.0,32676.0,380.249704
SPGI,2022-08-22 04:00:00+00:00,375.18,378.43,374.18,376.45,1349080.0,28234.0,376.390859
SPGI,2022-08-23 04:00:00+00:00,374.97,376.0,371.81,372.8,2375178.0,25235.0,373.38979
SPGI,2022-08-24 04:00:00+00:00,372.94,376.72,371.99,375.71,2004114.0,23322.0,375.160535
SPGI,2022-08-25 04:00:00+00:00,374.72,379.68,371.62,379.62,2423517.0,26570.0,378.236077
SPGI,2022-08-26 04:00:00+00:00,380.0,380.18,363.7,364.06,1556896.0,28118.0,368.115847
SPGI,2022-08-29 04:00:00+00:00,360.55,365.115,359.51,361.0,1401604.0,32102.0,362.189905
SPGI,2022-08-30 04:00:00+00:00,363.41,363.41,353.105,355.56,1950270.0,34585.0,356.238323
SPGI,2022-08-31 04:00:00+00:00,356.81,359.67,352.01,352.18,2509956.0,29934.0,353.053398
SPGI,2022-09-01 04:00:00+00:00,349.59,352.08,345.9,351.97,1731472.0,39627.0,349.745525
SPGI,2022-09-02 04:00:00+00:00,356.14,356.14,345.55,347.63,1391291.0,29667.0,350.150701
SPGI,2022-09-06 04:00:00+00:00,350.01,359.95,349.82,356.79,1797111.0,37440.0,356.089608
SPGI,2022-09-07 04:00:00+00:00,356.88,363.9,355.32,363.53,1231281.0,27696.0,361.041004
SPGI,2022-09-08 04:00:00+00:00,361.14,367.52,360.475,367.06,1170726.0,25135.0,366.063134
SPGI,2022-09-09 04:00:00+00:00,367.48,371.21,366.44,369.42,1414661.0,25535.0,369.297084
SPGI,2022-09-12 04:00:00+00:00,370.48,374.23,369.15,371.5,1422482.0,28492.0,371.819374
SPGI,2022-09-13 04:00:00+00:00,364.23,365.28,355.78,356.51,1859793.0,34627.0,359.191179
SPGI,2022-09-14 04:00:00+00:00,359.78,359.78,347.95,351.16,2880085.0,36847.0,352.441093
SPGI,2022-09-15 04:00:00+00:00,350.66,351.14,344.3825,347.06,2295827.0,40697.0,347.185196
SPGI,2022-09-16 04:00:00+00:00,343.95,346.345,340.69,346.07,4892466.0,39090.0,345.333696
SPGI,2022-09-19 04:00:00+00:00,342.64,345.035,341.02,344.69,1759714.0,28298.0,343.628589
SPGI,2022-09-20 04:00:00+00:00,342.41,342.935,335.22,339.35,1419291.0,29803.0,339.41719
SPGI,2022-09-21 04:00:00+00:00,341.78,344.88,334.88,334.88,1469775.0,26483.0,338.700319
SPGI,2022-09-22 04:00:00+00:00,333.59,334.25,322.22,322.37,2690211.0,51807.0,324.585795
SPGI,2022-09-23 04:00:00+00:00,321.78,323.61,315.29,317.86,2637166.0,47870.0,318.271805
SPGI,2022-09-26 04:00:00+00:00,317.24,319.1,312.11,315.43,3183134.0,45186.0,315.560723
SPGI,2022-09-27 04:00:00+00:00,318.02,320.27,310.25,313.27,3403274.0,39646.0,313.563284
SPGI,2022-09-28 04:00:00+00:00,315.31,317.28,311.06,314.77,2951610.0,39531.0,314.970437
SPGI,2022-09-29 04:00:00+00:00,311.64,312.52,308.35,310.43,2431650.0,36057.0,310.425333
SPGI,2022-09-30 04:00:00+00:00,310.29,315.1,305.08,305.35,2603362.0,38039.0,307.314478
SPGI,2022-10-03 04:00:00+00:00,307.07,316.5,306.84,314.79,1712200.0,31208.0,313.866538
SPGI,2022-10-04 04:00:00+00:00,318.84,324.34,318.311,323.55,1694419.0,33765.0,322.58783
SPGI,2022-10-05 04:00:00+00:00,318.955,324.13,316.93,321.65,1565826.0,28185.0,320.779445
SPGI,2022-10-06 04:00:00+00:00,320.96,322.735,315.4075,316.17,1423594.0,27285.0,317.211692
SPGI,2022-10-07 04:00:00+00:00,312.78,313.58,302.61,304.53,2270640.0,38999.0,305.707504
SPGI,2022-10-10 04:00:00+00:00,307.12,307.175,297.71,298.72,1688862.0,33499.0,299.931923
SPGI,2022-10-11 04:00:00+00:00,297.27,299.51,293.1101,294.72,1777692.0,33620.0,295.376196
SPGI,2022-10-12 04:00:00+00:00,294.9,295.885,291.06,291.17,1675024.0,32152.0,292.529869
SPGI,2022-10-13 04:00:00+00:00,283.0,294.35,279.32,292.28,3034221.0,55183.0,289.705647
SPGI,2022-10-14 04:00:00+00:00,295.29,300.11,286.12,286.62,1831596.0,39314.0,290.197379
SPGI,2022-10-17 04:00:00+00:00,292.71,300.05,291.65,297.39,2056816.0,33424.0,297.097892
SPGI,2022-10-18 04:00:00+00:00,304.35,306.13,298.19,300.81,2560765.0,40520.0,300.895385
SPGI,2022-10-19 04:00:00+00:00,296.84,300.14,294.55,296.87,1630642.0,28582.0,296.822212
SPGI,2022-10-20 04:00:00+00:00,296.51,299.89,290.46,292.03,1796916.0,31374.0,293.791438
SPGI,2022-10-21 04:00:00+00:00,291.83,296.36,287.31,295.94,2062130.0,32362.0,293.401662
SPGI,2022-10-24 04:00:00+00:00,298.22,302.28,295.4,300.39,2047547.0,36661.0,300.134321
SPGI,2022-10-25 04:00:00+00:00,297.13,312.97,295.52,312.03,3402080.0,49554.0,308.543663
SPGI,2022-10-26 04:00:00+00:00,312.49,318.01,310.62,311.53,2183971.0,43914.0,312.881062
SPGI,2022-10-27 04:00:00+00:00,312.39,326.4,312.39,319.31,2772655.0,53930.0,320.337085
SPGI,2022-10-28 04:00:00+00:00,316.86,327.63,315.63,326.93,1891811.0,35236.0,325.238216
SPGI,2022-10-31 04:00:00+00:00,324.51,326.57,321.14,321.25,2273711.0,34876.0,322.269165
SPGI,2022-11-01 04:00:00+00:00,325.27,326.17,315.23,316.13,1654964.0,32847.0,317.721323
SPGI,2022-11-02 04:00:00+00:00,315.59,320.505,309.01,310.74,2139124.0,36938.0,312.096661
SPGI,2022-11-03 04:00:00+00:00,305.31,311.64,305.05,309.3,2314660.0,35276.0,309.139223
SPGI,2022-11-04 04:00:00+00:00,313.31,318.22,309.85,316.4,1870829.0,41279.0,315.213001
SPGI,2022-11-07 05:00:00+00:00,321.37,322.28,314.785,319.25,1040183.0,29217.0,318.502446
SPGI,2022-11-08 05:00:00+00:00,321.14,325.245,316.34,319.94,1210442.0,32932.0,320.86125
SPGI,2022-11-09 05:00:00+00:00,318.55,319.495,312.6442,314.1,1731486.0,32069.0,314.752804
SPGI,2022-11-10 05:00:00+00:00,330.69,347.29,329.65,346.21,2569646.0,56512.0,342.08056
SPGI,2022-11-11 05:00:00+00:00,346.07,357.73,346.07,356.2,2042616.0,51943.0,354.553977
SPGI,2022-11-14 05:00:00+00:00,348.74,352.965,346.25,347.67,1363577.0,32708.0,349.090143
SPGI,2022-11-15 05:00:00+00:00,353.84,357.54,351.23,354.66,1413472.0,36001.0,354.44738
SPGI,2022-11-16 05:00:00+00:00,355.34,357.82,351.9,353.67,1390806.0,28112.0,354.035976
SPGI,2022-11-17 05:00:00+00:00,348.94,349.99,343.525,346.77,1288457.0,26891.0,346.167999
SPGI,2022-11-18 05:00:00+00:00,351.99,353.11,340.41,345.87,1962934.0,32819.0,346.467428
SPGI,2022-11-21 05:00:00+00:00,343.25,349.3,339.01,347.42,1830597.0,41100.0,346.607476
SPGI,2022-11-22 05:00:00+00:00,349.37,352.45,346.25,352.25,1405056.0,28076.0,350.745935
SPGI,2022-11-23 05:00:00+00:00,353.02,362.05,351.12,358.27,2137454.0,47147.0,358.997021
SPGI,2022-11-25 05:00:00+00:00,355.05,358.31,352.53,357.91,763527.0,19060.0,356.239539
SPGI,2022-11-28 05:00:00+00:00,354.46,357.34,349.93,351.01,1946513.0,40087.0,352.72442
SPGI,2022-11-29 05:00:00+00:00,350.72,351.73,346.39,347.14,1676323.0,36231.0,347.939576
SPGI,2022-11-30 05:00:00+00:00,347.13,353.38,340.11,352.8,6468946.0,56264.0,351.300985
SPGI,2022-12-01 05:00:00+00:00,356.89,365.8,355.95,362.58,2677939.0,66312.0,362.803697
SPGI,2022-12-02 05:00:00+00:00,356.41,362.05,355.825,359.8,2026420.0,50727.0,359.378443
SPGI,2022-12-05 05:00:00+00:00,354.72,357.18,348.44,350.31,2143929.0,48669.0,351.400025
SPGI,2022-12-06 05:00:00+00:00,351.02,352.75,348.47,351.69,1538406.0,35591.0,351.06154
SPGI,2022-12-07 05:00:00+00:00,351.6,354.53,349.03,351.52,1770047.0,32752.0,351.525982
SPGI,2022-12-08 05:00:00+00:00,350.91,357.21,350.91,352.81,1160423.0,29663.0,353.525829
SPGI,2022-12-09 05:00:00+00:00,351.34,353.03,346.41,346.75,1502802.0,30400.0,348.344202
SPGI,2022-12-12 05:00:00+00:00,346.61,348.43,344.9,347.19,1813980.0,44030.0,346.924491
SPGI,2022-12-13 05:00:00+00:00,362.38,366.44,354.59,357.69,1961240.0,43174.0,358.96576
SPGI,2022-12-14 05:00:00+00:00,357.49,361.36,350.085,353.84,1711413.0,39665.0,355.642809
SPGI,2022-12-15 05:00:00+00:00,348.45,350.3,342.715,344.58,2007870.0,44849.0,344.861923
SPGI,2022-12-16 05:00:00+00:00,339.98,341.68,337.72,339.6,4511664.0,44670.0,339.592716
SPGI,2022-12-19 05:00:00+00:00,338.8,339.38,334.845,335.66,1476541.0,30296.0,336.505016
SPGI,2022-12-20 05:00:00+00:00,332.19,334.64,330.75,332.11,1288271.0,29968.0,332.697681
SPGI,2022-12-21 05:00:00+00:00,335.07,338.01,334.1466,337.45,1229265.0,30104.0,336.907504
SPGI,2022-12-22 05:00:00+00:00,334.53,334.91,328.4,332.11,1455257.0,28916.0,331.757107
SPGI,2022-12-23 05:00:00+00:00,329.78,332.96,328.44,332.94,740049.0,18834.0,331.900952
SPGI,2022-12-27 05:00:00+00:00,332.29,333.68,329.7737,331.32,739935.0,18047.0,331.683013
SPGI,2022-12-28 05:00:00+00:00,331.44,335.025,329.43,329.6,840107.0,21800.0,331.441484
SPGI,2022-12-29 05:00:00+00:00,332.02,340.22,331.55,339.81,988770.0,25191.0,338.275014
SPGI,2022-12-30 05:00:00+00:00,335.7,337.67,331.86,334.94,1103953.0,25972.0,334.306643
SPGI,2023-01-03 05:00:00+00:00,342.04,343.83,332.14,335.17,1212970.0,31084.0,336.142631
SPGI,2023-01-04 05:00:00+00:00,340.44,344.9365,337.83,341.62,1393844.0,31378.0,341.930365
SPGI,2023-01-05 05:00:00+00:00,338.12,340.2979,334.72,336.08,1148022.0,25541.0,336.62881
SPGI,2023-01-06 05:00:00+00:00,339.45,349.3,335.91,347.84,1780993.0,42799.0,345.488142
SPGI,2023-01-09 05:00:00+00:00,351.17,356.4765,350.05,350.34,1699801.0,31136.0,352.104943
SPGI,2023-01-10 05:00:00+00:00,349.16,355.4,348.0,354.39,927749.0,23837.0,353.850794
SPGI,2023-01-11 05:00:00+00:00,356.17,365.27,355.295,364.05,1597173.0,36266.0,362.699894
SPGI,2023-01-12 05:00:00+00:00,366.0,368.64,360.39,367.77,1186788.0,30769.0,366.859701
SPGI,2023-01-13 05:00:00+00:00,363.95,366.72,362.93,366.38,1447083.0,25644.0,365.686651
SPGI,2023-01-17 05:00:00+00:00,366.41,369.27,365.14,367.41,1237491.0,28784.0,367.493527
SPGI,2023-01-18 05:00:00+00:00,367.72,374.36,363.825,364.1,1760504.0,28948.0,367.121723
SPGI,2023-01-19 05:00:00+00:00,360.23,363.79,356.535,361.13,1150857.0,28771.0,360.505107
SPGI,2023-01-20 05:00:00+00:00,361.24,368.38,361.24,368.05,3076818.0,38216.0,366.615854
SPGI,2023-01-23 05:00:00+00:00,368.09,374.275,365.6,370.76,1192020.0,27176.0,370.661764
SPGI,2023-01-24 05:00:00+00:00,373.04,373.04,364.29,367.72,917025.0,24364.0,368.114063
SPGI,2023-01-25 05:00:00+00:00,363.17,368.6381,360.37,366.38,1048643.0,24487.0,365.377025
SPGI,2023-01-26 05:00:00+00:00,369.83,369.8984,364.52,367.38,1526629.0,30317.0,366.837125
SPGI,2023-01-27 05:00:00+00:00,364.29,375.22,362.75,373.39,1509730.0,34087.0,372.294231
SPGI,2023-01-30 05:00:00+00:00,369.63,373.8,365.6,366.14,1202753.0,27291.0,368.25003
SPGI,2023-01-31 05:00:00+00:00,369.26,375.15,366.52,374.94,1662174.0,31589.0,372.724083
SPGI,2023-02-01 05:00:00+00:00,372.61,380.135,369.36,377.18,1465278.0,33366.0,375.140997
SPGI,2023-02-02 05:00:00+00:00,381.5,388.42,379.895,383.16,1266649.0,30141.0,384.750666
SPGI,2023-02-03 05:00:00+00:00,373.57,376.665,370.51,372.91,1554468.0,33903.0,373.568195
SPGI,2023-02-06 05:00:00+00:00,367.32,370.0,366.31,368.66,1028391.0,22641.0,368.382257
SPGI,2023-02-07 05:00:00+00:00,365.17,372.1,362.16,371.11,859274.0,23239.0,368.604634
SPGI,2023-02-08 05:00:00+00:00,368.17,371.56,364.66,365.85,1152053.0,28480.0,366.666723
SPGI,2023-02-09 05:00:00+00:00,371.15,374.785,362.96,363.65,1483331.0,30800.0,366.99933
SPGI,2023-02-10 05:00:00+00:00,361.46,365.38,359.32,363.86,1324715.0,30487.0,362.928735
SPGI,2023-02-13 05:00:00+00:00,364.75,371.45,363.73,370.6,1458233.0,31101.0,369.993734
SPGI,2023-02-14 05:00:00+00:00,370.46,370.84,363.315,364.86,1418074.0,31296.0,365.85396
SPGI,2023-02-15 05:00:00+00:00,360.27,367.69,360.17,367.57,1011667.0,25211.0,365.574033
SPGI,2023-02-16 05:00:00+00:00,359.84,362.62,357.78,357.82,967615.0,24664.0,359.530104
SPGI,2023-02-17 05:00:00+00:00,354.33,361.01,353.7355,360.83,1206266.0,25859.0,358.699621
SPGI,2023-02-21 05:00:00+00:00,356.35,357.055,350.425,350.79,1206481.0,27649.0,352.180078
SPGI,2023-02-22 05:00:00+00:00,351.2,352.32,344.47,346.2,1674532.0,29677.0,347.255782
SPGI,2023-02-23 05:00:00+00:00,349.08,350.67,344.59,348.13,1245809.0,29630.0,347.799728
SPGI,2023-02-24 05:00:00+00:00,346.56,346.56,340.39,343.38,1071500.0,25388.0,343.203527
SPGI,2023-02-27 05:00:00+00:00,347.34,347.57,340.41,341.51,1383938.0,34107.0,342.384318
SPGI,2023-02-28 05:00:00+00:00,340.27,345.1,338.74,341.2,2046759.0,32613.0,341.915525
SPGI,2023-03-01 05:00:00+00:00,340.08,343.01,337.135,337.78,1194071.0,31947.0,339.045378
SPGI,2023-03-02 05:00:00+00:00,332.32,340.03,330.86,339.89,1175950.0,28909.0,337.802417
SPGI,2023-03-03 05:00:00+00:00,342.51,346.16,341.38,346.07,1045139.0,25032.0,344.53846
SPGI,2023-03-06 05:00:00+00:00,347.06,353.07,346.49,351.32,1612683.0,34749.0,351.245503
SPGI,2023-03-07 05:00:00+00:00,350.61,350.63,336.04,336.65,1463873.0,36889.0,339.600382
SPGI,2023-03-08 05:00:00+00:00,336.28,339.5775,331.165,338.88,1177839.0,29260.0,337.665722
SPGI,2023-03-09 05:00:00+00:00,339.81,344.705,333.37,333.93,1427507.0,32384.0,336.810477
SPGI,2023-03-10 05:00:00+00:00,337.21,338.45,325.25,326.54,2448862.0,48208.0,329.481103
SPGI,2023-03-13 04:00:00+00:00,324.73,329.96,321.145,324.79,2210685.0,51532.0,325.849147
SPGI,2023-03-14 04:00:00+00:00,330.39,334.69,327.56,332.73,1953159.0,40890.0,331.81647
SPGI,2023-03-15 04:00:00+00:00,326.81,334.5,325.91,333.98,2068530.0,45344.0,331.078499
SPGI,2023-03-16 04:00:00+00:00,333.18,341.56,332.29,339.9,1355423.0,34639.0,338.792813
SPGI,2023-03-17 04:00:00+00:00,339.05,340.32,331.2,334.49,3418182.0,38593.0,335.106618
SPGI,2023-03-20 04:00:00+00:00,334.94,335.33,331.12,334.59,1504965.0,34016.0,333.773016
SPGI,2023-03-21 04:00:00+00:00,338.85,342.4,338.02,341.6,1067056.0,26200.0,340.542133
SPGI,2023-03-22 04:00:00+00:00,342.1,344.75,335.59,335.72,1133804.0,25203.0,339.077778
SPGI,2023-03-23 04:00:00+00:00,334.32,338.32,330.36,332.25,1413245.0,31888.0,333.747384
SPGI,2023-03-24 04:00:00+00:00,328.03,335.33,327.0752,334.52,1192811.0,31172.0,332.430312
SPGI,2023-03-27 04:00:00+00:00,338.6,339.31,333.58,335.75,1202569.0,24480.0,335.540009
SPGI,2023-03-28 04:00:00+00:00,334.3,335.96,331.31,334.13,960688.0,24211.0,333.660236
SPGI,2023-03-29 04:00:00+00:00,337.14,338.61,335.08,338.13,1283764.0,22939.0,337.64568
SPGI,2023-03-30 04:00:00+00:00,340.4,342.65,338.61,341.27,797121.0,22941.0,340.892144
SPGI,2023-03-31 04:00:00+00:00,343.83,346.59,342.16,344.77,1732796.0,33832.0,344.668134
SPGI,2023-04-03 04:00:00+00:00,342.5,346.7,341.06,346.27,1683531.0,27157.0,345.296738
SPGI,2023-04-04 04:00:00+00:00,348.49,352.24,345.51,346.41,1098896.0,25317.0,347.672881
SPGI,2023-04-05 04:00:00+00:00,345.76,348.55,344.28,344.6,948716.0,22043.0,345.427541
SPGI,2023-04-06 04:00:00+00:00,343.4,343.4,334.5,340.86,1309958.0,26741.0,340.426321
SPGI,2023-04-10 04:00:00+00:00,337.44,338.99,329.46,338.83,893179.0,25718.0,335.580655
SPGI,2023-04-11 04:00:00+00:00,340.73,343.8975,339.5401,341.91,752523.0,21629.0,342.14475
SPGI,2023-04-12 04:00:00+00:00,346.47,347.81,341.7632,342.79,903075.0,21903.0,343.637467
SPGI,2023-04-13 04:00:00+00:00,344.32,348.25,343.14,347.87,732964.0,21876.0,346.880564
SPGI,2023-04-14 04:00:00+00:00,347.7,350.12,346.09,347.86,959978.0,24964.0,347.725618
SPGI,2023-04-17 04:00:00+00:00,346.59,349.86,345.59,349.01,863592.0,24077.0,348.120097
SPGI,2023-04-18 04:00:00+00:00,350.0,352.86,347.58,352.17,1223874.0,29526.0,351.506899
SPGI,2023-04-19 04:00:00+00:00,350.5,353.84,350.42,352.03,844982.0,24188.0,352.323239
SPGI,2023-04-20 04:00:00+00:00,350.28,355.36,349.73,352.91,859069.0,20671.0,353.211235
SPGI,2023-04-21 04:00:00+00:00,353.9,354.51,350.57,351.72,753073.0,19227.0,352.194353
SPGI,2023-04-24 04:00:00+00:00,352.77,353.68,346.155,347.66,1022347.0,28187.0,348.183592
SPGI,2023-04-25 04:00:00+00:00,347.35,350.82,344.08,345.21,1447594.0,33953.0,346.589815
SPGI,2023-04-26 04:00:00+00:00,343.34,345.45,338.92,340.07,1592676.0,36973.0,341.480588
SPGI,2023-04-27 04:00:00+00:00,345.91,357.23,345.5,355.58,1647262.0,36359.0,353.696459
SPGI,2023-04-28 04:00:00+00:00,355.03,362.95,355.02,362.58,1742667.0,36331.0,361.518222
SPGI,2023-05-01 04:00:00+00:00,361.7,365.53,361.26,362.65,1085072.0,28111.0,362.626759
SPGI,2023-05-02 04:00:00+00:00,360.12,362.65,352.5,356.02,1131628.0,27081.0,355.894355
SPGI,2023-05-03 04:00:00+00:00,357.44,358.34,349.86,349.97,912463.0,22880.0,353.541677
SPGI,2023-05-04 04:00:00+00:00,348.71,352.41,346.62,347.51,1022771.0,25095.0,348.240311
SPGI,2023-05-05 04:00:00+00:00,351.07,356.655,350.24,354.19,929974.0,23849.0,353.84951
SPGI,2023-05-08 04:00:00+00:00,354.46,356.15,353.25,355.18,696167.0,17482.0,354.990986
SPGI,2023-05-09 04:00:00+00:00,355.18,359.1,354.735,355.27,863669.0,22051.0,355.867263
SPGI,2023-05-10 04:00:00+00:00,357.1,363.64,357.1,362.18,1407131.0,32010.0,361.047256
SPGI,2023-05-11 04:00:00+00:00,362.92,363.64,358.11,360.29,892628.0,24936.0,360.293476
SPGI,2023-05-12 04:00:00+00:00,360.71,361.98,356.71,359.34,750009.0,21078.0,358.590161
SPGI,2023-05-15 04:00:00+00:00,359.57,361.83,357.36,361.48,854179.0,23212.0,360.78398
SPGI,2023-05-16 04:00:00+00:00,359.86,362.3,358.47,358.65,683015.0,21404.0,359.805253
SPGI,2023-05-17 04:00:00+00:00,361.43,361.98,357.23,360.94,870675.0,19493.0,360.520457
SPGI,2023-05-18 04:00:00+00:00,361.29,364.57,358.765,363.8,1046803.0,24759.0,361.938198
SPGI,2023-05-19 04:00:00+00:00,362.19,370.78,361.53,365.42,1304564.0,27662.0,365.465014
SPGI,2023-05-22 04:00:00+00:00,365.41,374.06,365.41,372.35,1231437.0,29786.0,371.625784
SPGI,2023-05-23 04:00:00+00:00,369.6,372.45,360.88,362.19,1198712.0,31658.0,363.979038
SPGI,2023-05-24 04:00:00+00:00,361.58,362.38,354.2,356.2,1234329.0,28057.0,356.772538
SPGI,2023-05-25 04:00:00+00:00,356.07,359.45,354.74,358.32,1069590.0,26355.0,357.809691
SPGI,2023-05-26 04:00:00+00:00,358.76,363.6,357.71,360.78,1054433.0,25853.0,361.113044
SPGI,2023-05-30 04:00:00+00:00,365.72,370.1,362.81,364.33,973485.0,27481.0,365.218848
SPGI,2023-05-31 04:00:00+00:00,362.0,368.53,359.76,367.43,2540534.0,41257.0,366.245541
SPGI,2023-06-01 04:00:00+00:00,366.53,371.54,365.42,368.99,1068404.0,30089.0,369.150089
SPGI,2023-06-02 04:00:00+00:00,372.0,378.7,371.21,376.03,1326555.0,35345.0,376.291232
SPGI,2023-06-05 04:00:00+00:00,377.98,380.7,375.7,378.1,892500.0,24684.0,378.200347
SPGI,2023-06-06 04:00:00+00:00,376.65,381.03,375.97,379.18,737489.0,22239.0,379.170623
SPGI,2023-06-07 04:00:00+00:00,379.92,380.75,372.82,374.19,1020740.0,25379.0,375.080583
SPGI,2023-06-08 04:00:00+00:00,374.66,382.33,373.82,382.16,1035761.0,27747.0,380.155128
SPGI,2023-06-09 04:00:00+00:00,384.2,385.0,381.405,384.0,1251443.0,26841.0,383.572763
SPGI,2023-06-12 04:00:00+00:00,384.61,386.18,382.53,385.26,1159066.0,27600.0,384.843564
SPGI,2023-06-13 04:00:00+00:00,386.27,390.96,384.81,390.56,1515344.0,34886.0,389.18285
SPGI,2023-06-14 04:00:00+00:00,391.29,395.48,390.495,393.09,1498496.0,38099.0,393.079861
SPGI,2023-06-15 04:00:00+00:00,394.49,401.27,392.7,399.98,1465328.0,34233.0,398.288863
SPGI,2023-06-16 04:00:00+00:00,401.84,402.92,395.0,395.21,1883531.0,29863.0,398.047097
SPGI,2023-06-20 04:00:00+00:00,387.05,392.65,384.43,391.84,1500053.0,34717.0,390.453314
SPGI,2023-06-21 04:00:00+00:00,389.31,391.42,386.44,389.11,1266730.0,25219.0,389.142205
SPGI,2023-06-22 04:00:00+00:00,388.27,388.99,383.825,388.24,1143192.0,26191.0,387.490882
SPGI,2023-06-23 04:00:00+00:00,385.86,392.38,385.01,390.36,1479533.0,27037.0,390.160245
SPGI,2023-06-26 04:00:00+00:00,390.26,391.35,386.93,387.01,855936.0,20616.0,388.479602
SPGI,2023-06-27 04:00:00+00:00,389.65,392.315,386.64,391.01,711323.0,21181.0,390.266725
SPGI,2023-06-28 04:00:00+00:00,390.24,392.1,389.19,391.52,721088.0,20600.0,391.027094
SPGI,2023-06-29 04:00:00+00:00,391.59,396.86,389.83,395.84,999705.0,25549.0,395.201811
SPGI,2023-06-30 04:00:00+00:00,400.19,405.65,398.75,400.89,1319464.0,29498.0,401.233301
SPGI,2023-07-03 04:00:00+00:00,398.37,399.11,394.29,396.92,709214.0,19641.0,396.751557
SPGI,2023-07-05 04:00:00+00:00,395.43,401.335,392.91,399.6,1163033.0,28127.0,398.517427
SPGI,2023-07-06 04:00:00+00:00,395.36,397.52,392.55,395.36,1031466.0,26313.0,394.87914
SPGI,2023-07-07 04:00:00+00:00,393.22,398.0699,392.0,393.25,811567.0,19739.0,394.380836
SPGI,2023-07-10 04:00:00+00:00,393.99,400.77,393.99,398.43,840792.0,22958.0,398.520233
SPGI,2023-07-11 04:00:00+00:00,396.98,399.875,394.97,396.42,926584.0,21069.0,396.489005
SPGI,2023-07-12 04:00:00+00:00,403.82,409.45,403.17,406.56,1952351.0,39634.0,406.689865
SPGI,2023-07-13 04:00:00+00:00,409.99,413.56,407.28,412.03,1252813.0,29204.0,410.837862
SPGI,2023-07-14 04:00:00+00:00,412.62,417.36,412.29,416.02,1282644.0,31967.0,415.687577
SPGI,2023-07-17 04:00:00+00:00,416.71,418.64,414.72,417.39,1189373.0,31164.0,417.082719
SPGI,2023-07-18 04:00:00+00:00,417.72,422.26,417.01,421.85,1024167.0,25780.0,420.677991
SPGI,2023-07-19 04:00:00+00:00,423.71,425.34,420.95,422.53,1320265.0,32023.0,422.594776
SPGI,2023-07-20 04:00:00+00:00,422.91,424.11,420.82,423.79,1085441.0,29403.0,422.813541
SPGI,2023-07-21 04:00:00+00:00,424.78,425.285,423.26,423.29,1351055.0,32039.0,423.945614
SPGI,2023-07-24 04:00:00+00:00,424.4,425.51,421.05,422.8,1442187.0,31025.0,422.709863
SPGI,2023-07-25 04:00:00+00:00,421.42,428.65,420.51,427.53,1353894.0,30731.0,426.965916
SPGI,2023-07-26 04:00:00+00:00,428.07,428.65,425.41,428.41,1352696.0,34677.0,427.284819
SPGI,2023-07-27 04:00:00+00:00,403.5,412.43,393.77,395.68,3530219.0,66649.0,399.394703
SPGI,2023-07-28 04:00:00+00:00,398.01,401.835,392.02,392.16,2418823.0,48860.0,395.254912
SPGI,2023-07-31 04:00:00+00:00,391.79,395.27,388.04,394.51,1916196.0,39706.0,393.858366
SPGI,2023-08-01 04:00:00+00:00,394.4,398.87,393.37,398.31,1221377.0,30725.0,397.29408
SPGI,2023-08-02 04:00:00+00:00,394.3,395.94,390.72,394.25,1589583.0,33726.0,394.545386
SPGI,2023-08-03 04:00:00+00:00,388.78,392.97,382.7,383.72,2144597.0,40795.0,384.617311
SPGI,2023-08-04 04:00:00+00:00,384.56,390.72,380.62,386.84,1196673.0,28138.0,386.781867
SPGI,2023-08-07 04:00:00+00:00,387.59,390.51,386.0,390.38,715493.0,23673.0,389.194614
SPGI,2023-08-08 04:00:00+00:00,387.9,388.95,380.67,386.51,951900.0,28478.0,384.935207
SPGI,2023-08-09 04:00:00+00:00,386.31,392.01,386.12,387.66,927171.0,27124.0,388.845396
SPGI,2023-08-10 04:00:00+00:00,389.9,394.75,387.19,387.81,933152.0,24483.0,390.169852
SPGI,2023-08-11 04:00:00+00:00,385.17,388.58,383.46,387.69,817385.0,22839.0,387.200396
SPGI,2023-08-14 04:00:00+00:00,388.06,390.63,386.61,388.69,847697.0,24603.0,388.775208
SPGI,2023-08-15 04:00:00+00:00,385.82,388.515,385.07,387.05,971888.0,24013.0,386.797049
SPGI,2023-08-16 04:00:00+00:00,384.87,389.16,384.0301,386.75,811062.0,20925.0,387.13641
SPGI,2023-08-17 04:00:00+00:00,387.46,390.145,384.14,384.38,994312.0,27152.0,386.448855
SPGI,2023-08-18 04:00:00+00:00,380.44,384.85,380.17,382.0,1045635.0,25514.0,382.295375
SPGI,2023-08-21 04:00:00+00:00,382.0,383.19,376.79,378.48,1168786.0,30564.0,379.158255
SPGI,2023-08-22 04:00:00+00:00,380.89,385.53,378.9822,383.54,1024757.0,24110.0,382.684116
SPGI,2023-08-23 04:00:00+00:00,386.66,392.0,385.22,391.73,770597.0,22505.0,390.595412
SPGI,2023-08-24 04:00:00+00:00,392.01,396.21,386.98,387.02,770536.0,22078.0,389.445483
SPGI,2023-08-25 04:00:00+00:00,388.95,391.92,385.7,388.27,942355.0,24442.0,388.684407
SPGI,2023-08-28 04:00:00+00:00,390.13,393.15,387.88,390.43,1015989.0,23196.0,390.026591
SPGI,2023-08-29 04:00:00+00:00,389.61,393.24,388.81,392.5,661433.0,21007.0,392.11165
SPGI,2023-08-30 04:00:00+00:00,392.12,395.43,391.48,392.38,750474.0,21475.0,392.780767
SPGI,2023-08-31 04:00:00+00:00,393.42,395.8835,390.74,390.86,1201827.0,24797.0,391.720876
SPGI,2023-09-01 04:00:00+00:00,393.65,396.6225,392.82,394.24,769402.0,22751.0,394.586859
SPGI,2023-09-05 04:00:00+00:00,394.45,402.94,393.365,393.55,1334328.0,31974.0,394.71136
SPGI,2023-09-06 04:00:00+00:00,393.19,395.85,391.95,394.15,1099496.0,27317.0,394.078429
SPGI,2023-09-07 04:00:00+00:00,389.53,395.16,389.53,393.58,1160925.0,27693.0,393.229735
SPGI,2023-09-08 04:00:00+00:00,394.5,395.49,389.51,390.71,864619.0,25200.0,391.024443
SPGI,2023-09-11 04:00:00+00:00,390.71,392.83,387.645,389.36,973309.0,27667.0,389.332501
SPGI,2023-09-12 04:00:00+00:00,387.13,389.935,385.28,387.29,968739.0,26382.0,387.438182
SPGI,2023-09-13 04:00:00+00:00,386.66,390.9,385.73,389.85,680885.0,22308.0,389.304092
SPGI,2023-09-14 04:00:00+00:00,394.32,396.39,389.92,396.19,825459.0,24726.0,394.906514
SPGI,2023-09-15 04:00:00+00:00,393.48,394.7,387.8,388.26,2472331.0,28356.0,389.590367
SPGI,2023-09-18 04:00:00+00:00,386.97,391.22,386.33,389.52,638257.0,20805.0,389.537808
SPGI,2023-09-19 04:00:00+00:00,387.97,389.865,386.64,389.31,848958.0,22945.0,388.780835
SPGI,2023-09-20 04:00:00+00:00,390.02,392.115,385.82,386.24,773509.0,20899.0,388.648548
SPGI,2023-09-21 04:00:00+00:00,383.64,385.0,372.16,372.31,1079160.0,35053.0,375.187511
SPGI,2023-09-22 04:00:00+00:00,372.57,375.9,371.07,371.69,1159313.0,32116.0,372.511834
SPGI,2023-09-25 04:00:00+00:00,370.44,372.6,369.51,371.46,946344.0,24418.0,371.442043
SPGI,2023-09-26 04:00:00+00:00,366.18,368.615,363.24,364.07,1852912.0,36776.0,365.240205
SPGI,2023-09-27 04:00:00+00:00,365.13,365.59,360.91,363.06,1437560.0,31492.0,363.029681
SPGI,2023-09-28 04:00:00+00:00,363.06,370.32,362.83,368.53,1907252.0,33295.0,367.936421
SPGI,2023-09-29 04:00:00+00:00,371.51,374.69,364.57,365.41,1142315.0,25127.0,366.810143
SPGI,2023-10-02 04:00:00+00:00,367.26,372.01,364.59,366.72,1568632.0,33494.0,367.580643
SPGI,2023-10-03 04:00:00+00:00,364.18,365.675,355.0,356.42,1027024.0,31532.0,357.353499
SPGI,2023-10-04 04:00:00+00:00,357.91,362.58,356.84,362.28,1069630.0,26154.0,360.630305
SPGI,2023-10-05 04:00:00+00:00,361.13,362.425,357.455,361.28,714286.0,20332.0,360.66051
SPGI,2023-10-06 04:00:00+00:00,359.66,366.1725,357.555,364.06,883776.0,25785.0,363.374714
SPGI,2023-10-09 04:00:00+00:00,361.98,367.28,361.98,366.47,638602.0,19464.0,365.284172
SPGI,2023-10-10 04:00:00+00:00,366.0,372.43,365.26,369.58,889933.0,23181.0,369.687728
SPGI,2023-10-11 04:00:00+00:00,371.93,374.045,369.22,371.9,611392.0,19737.0,371.380155
SPGI,2023-10-12 04:00:00+00:00,372.84,373.39,363.875,365.82,861228.0,24800.0,367.506928
SPGI,2023-10-13 04:00:00+00:00,366.51,368.4799,360.54,363.71,661953.0,19607.0,363.79089
SPGI,2023-10-16 04:00:00+00:00,366.38,371.63,364.98,367.54,826736.0,23218.0,368.018826
SPGI,2023-10-17 04:00:00+00:00,364.72,371.645,362.845,367.31,728081.0,21918.0,367.54652
SPGI,2023-10-18 04:00:00+00:00,364.24,365.75,359.695,359.9,975920.0,26918.0,361.228666
SPGI,2023-10-19 04:00:00+00:00,360.78,362.38,356.05,357.56,899886.0,25881.0,358.328449
SPGI,2023-10-20 04:00:00+00:00,357.42,357.42,349.89,350.03,2062605.0,38850.0,351.921623
SPGI,2023-10-23 04:00:00+00:00,347.9,354.6646,346.11,350.2,1128591.0,33865.0,351.050228
SPGI,2023-10-24 04:00:00+00:00,350.25,353.91,345.1,347.94,1548486.0,40387.0,347.556026
SPGI,2023-10-25 04:00:00+00:00,346.62,353.57,345.91,349.13,1113342.0,31416.0,349.702872
SPGI,2023-10-26 04:00:00+00:00,347.74,352.86,347.44,348.26,945263.0,27736.0,349.520563
SPGI,2023-10-27 04:00:00+00:00,348.5,349.99,340.61,342.48,1160919.0,34540.0,342.855722
SPGI,2023-10-30 04:00:00+00:00,344.8,346.83,340.49,345.07,1546495.0,33210.0,344.657858
SPGI,2023-10-31 04:00:00+00:00,345.49,349.41,342.935,349.31,1748141.0,33653.0,347.613213
SPGI,2023-11-01 04:00:00+00:00,350.53,353.275,347.0,351.4,1411914.0,40702.0,350.358075
SPGI,2023-11-02 04:00:00+00:00,365.0,379.82,365.0,375.92,3046536.0,56967.0,375.287937
SPGI,2023-11-03 04:00:00+00:00,381.41,385.53,380.0525,382.9,1888476.0,48055.0,383.028013
SPGI,2023-11-06 05:00:00+00:00,382.21,385.31,381.33,384.65,1209319.0,30930.0,383.983864
SPGI,2023-11-07 05:00:00+00:00,385.75,388.0,383.67,384.57,908870.0,24513.0,385.229277
SPGI,2023-11-08 05:00:00+00:00,383.48,386.74,382.12,386.38,781754.0,21669.0,385.376363
SPGI,2023-11-09 05:00:00+00:00,389.63,390.49,385.375,387.68,1200165.0,26478.0,388.032949
SPGI,2023-11-10 05:00:00+00:00,389.75,394.1,387.055,393.97,1201243.0,28846.0,392.101628
SPGI,2023-11-13 05:00:00+00:00,394.42,396.02,392.69,394.81,1164929.0,27293.0,394.535226
SPGI,2023-11-14 05:00:00+00:00,399.64,406.43,398.725,403.91,1674049.0,40291.0,404.106358
SPGI,2023-11-15 05:00:00+00:00,403.91,407.34,401.58,402.06,1243630.0,31789.0,403.056683
SPGI,2023-11-16 05:00:00+00:00,404.43,405.6,403.21,403.98,1062354.0,26613.0,404.327255
SPGI,2023-11-17 05:00:00+00:00,403.5,408.42,401.79,408.12,1647152.0,29258.0,406.398575
SPGI,2023-11-20 05:00:00+00:00,407.58,413.205,407.53,411.54,1510397.0,30870.0,410.904949
SPGI,2023-11-21 05:00:00+00:00,411.03,413.88,410.94,413.76,1059375.0,24125.0,412.932074
SPGI,2023-11-22 05:00:00+00:00,415.29,417.78,413.88,415.1,977582.0,27357.0,415.90865
SPGI,2023-11-24 05:00:00+00:00,416.02,416.02,412.76,415.1,404178.0,13015.0,414.629834
SPGI,2023-11-27 05:00:00+00:00,412.41,414.01,410.385,412.25,1326870.0,30817.0,412.42092
SPGI,2023-11-28 05:00:00+00:00,411.0,417.74,410.012,412.98,1134374.0,30360.0,413.802632
SPGI,2023-11-29 05:00:00+00:00,414.53,418.34,413.745,414.64,946830.0,27799.0,415.972527
SPGI,2023-11-30 05:00:00+00:00,413.13,416.12,412.11,415.83,1665999.0,28457.0,415.025694
SPGI,2023-12-01 05:00:00+00:00,417.0,424.98,416.01,422.0,1974462.0,45417.0,421.813732
SPGI,2023-12-04 05:00:00+00:00,419.55,425.595,418.03,424.19,1513456.0,37096.0,423.295561
SPGI,2023-12-05 05:00:00+00:00,426.1,426.15,419.7072,423.15,1661170.0,34759.0,422.857743
SPGI,2023-12-06 05:00:00+00:00,423.0,425.0,418.38,418.66,1475605.0,35113.0,420.041762
SPGI,2023-12-07 05:00:00+00:00,419.5,419.93,416.6,417.38,1242981.0,32744.0,418.324003
SPGI,2023-12-08 05:00:00+00:00,415.64,418.85,413.17,415.38,1651506.0,36306.0,415.578457
SPGI,2023-12-11 05:00:00+00:00,416.12,424.13,415.98,423.75,1380166.0,35374.0,421.81244
SPGI,2023-12-12 05:00:00+00:00,423.49,427.15,422.33,426.81,1095900.0,25337.0,425.948331
SPGI,2023-12-13 05:00:00+00:00,428.9,435.99,427.37,435.26,1204913.0,31862.0,432.648264
SPGI,2023-12-14 05:00:00+00:00,440.0,441.665,435.8,437.78,1320888.0,37084.0,438.272544
SPGI,2023-12-15 05:00:00+00:00,432.59,437.35,432.56,435.78,2389754.0,30977.0,434.853879
SPGI,2023-12-18 05:00:00+00:00,435.97,439.33,435.15,436.41,899835.0,24955.0,436.728169
SPGI,2023-12-19 05:00:00+00:00,435.16,439.822,434.5,436.66,1181906.0,27370.0,437.13622
SPGI,2023-12-20 05:00:00+00:00,436.7,437.46,427.57,427.83,1553620.0,37715.0,432.119084
SPGI,2023-12-21 05:00:00+00:00,429.05,433.08,429.05,432.69,817512.0,25477.0,431.661459
SPGI,2023-12-22 05:00:00+00:00,435.13,436.8599,432.6201,434.84,698506.0,21546.0,434.911999
SPGI,2023-12-26 05:00:00+00:00,434.51,438.63,434.51,436.23,535084.0,16573.0,436.177579
SPGI,2023-12-27 05:00:00+00:00,435.29,440.29,434.0,440.0,821163.0,20814.0,439.38324
SPGI,2023-12-28 05:00:00+00:00,439.66,443.47,439.02,441.84,679008.0,22448.0,441.738495
SPGI,2023-12-29 05:00:00+00:00,441.84,443.72,439.14,440.52,884265.0,19957.0,440.857048
SPGI,2024-01-02 05:00:00+00:00,439.27,440.5,433.76,436.39,1080696.0,34867.0,436.157989
SPGI,2024-01-03 05:00:00+00:00,433.41,434.6,429.08,429.86,936504.0,28619.0,431.077933
SPGI,2024-01-04 05:00:00+00:00,430.65,433.65,429.02,429.67,1052095.0,26914.0,430.880898
SPGI,2024-01-05 05:00:00+00:00,428.86,431.38,425.77,427.93,921255.0,25494.0,428.078522
SPGI,2024-01-08 05:00:00+00:00,430.65,432.39,427.58,432.17,1193128.0,32438.0,430.481656
SPGI,2024-01-09 05:00:00+00:00,428.29,432.88,428.29,430.17,706165.0,23404.0,430.676395
SPGI,2024-01-10 05:00:00+00:00,431.75,434.95,429.6457,433.13,1002459.0,23498.0,432.122378
SPGI,2024-01-11 05:00:00+00:00,434.17,435.62,430.22,434.19,1328831.0,28660.0,433.411377
SPGI,2024-01-12 05:00:00+00:00,437.47,439.3,434.14,437.0,842762.0,25666.0,436.564691
SPGI,2024-01-16 05:00:00+00:00,433.44,438.22,432.87,436.55,1127790.0,29946.0,436.270812
SPGI,2024-01-17 05:00:00+00:00,433.84,439.49,433.46,437.73,1041200.0,29122.0,437.47112
SPGI,2024-01-18 05:00:00+00:00,439.48,441.16,435.63,439.6,1204064.0,27042.0,438.874275
SPGI,2024-01-19 05:00:00+00:00,441.23,443.46,439.03,441.95,1172464.0,23663.0,441.474246
SPGI,2024-01-22 05:00:00+00:00,444.72,446.205,442.84,444.46,1024955.0,23569.0,444.78692
SPGI,2024-01-23 05:00:00+00:00,446.57,447.0,443.015,446.49,816579.0,22099.0,445.916699
SPGI,2024-01-24 05:00:00+00:00,448.41,450.3155,445.2,445.9,892466.0,24991.0,446.841973
SPGI,2024-01-25 05:00:00+00:00,447.36,449.57,443.615,449.34,1083063.0,31169.0,446.892817
SPGI,2024-01-26 05:00:00+00:00,448.93,449.44,445.42,446.6,787676.0,25137.0,447.014464
SPGI,2024-01-29 05:00:00+00:00,447.93,450.62,444.96,449.81,1073652.0,28856.0,447.981426
SPGI,2024-01-30 05:00:00+00:00,450.19,455.325,448.5,454.56,1098820.0,26775.0,452.702964
SPGI,2024-01-31 05:00:00+00:00,455.01,457.19,447.96,448.35,1820054.0,31368.0,450.817567
SPGI,2024-02-01 05:00:00+00:00,448.35,457.458,447.725,457.22,1078073.0,29879.0,454.22933
SPGI,2024-02-02 05:00:00+00:00,455.0,456.73,448.18,454.05,1553016.0,37590.0,453.417454
SPGI,2024-02-05 05:00:00+00:00,450.0,453.02,445.67,451.54,1247389.0,29450.0,450.041168
SPGI,2024-02-06 05:00:00+00:00,451.79,454.52,449.72,453.29,975749.0,24542.0,452.001343
SPGI,2024-02-07 05:00:00+00:00,459.38,461.16,453.63,459.72,1584026.0,36487.0,458.806089
SPGI,2024-02-08 05:00:00+00:00,431.8,437.34,419.85,436.63,3790226.0,82784.0,432.621114
SPGI,2024-02-09 05:00:00+00:00,436.93,441.04,431.33,437.89,1863771.0,42518.0,437.844337
SPGI,2024-02-12 05:00:00+00:00,439.14,439.14,429.18,429.53,1817130.0,41407.0,430.908204
SPGI,2024-02-13 05:00:00+00:00,421.84,426.26,420.13,422.48,1888894.0,50257.0,422.853047
SPGI,2024-02-14 05:00:00+00:00,424.45,425.495,417.47,421.21,1621283.0,39289.0,420.823594
SPGI,2024-02-15 05:00:00+00:00,423.49,426.66,422.08,424.49,1378113.0,39568.0,424.490621
SPGI,2024-02-16 05:00:00+00:00,422.0,427.51,421.855,423.57,1813379.0,34254.0,424.489885
SPGI,2024-02-20 05:00:00+00:00,423.16,426.21,420.685,426.01,2424688.0,37054.0,424.59423
SPGI,2024-02-21 05:00:00+00:00,425.51,429.49,421.38,424.33,979407.0,28306.0,423.608675
SPGI,2024-02-22 05:00:00+00:00,429.11,437.62,428.48,435.22,1327969.0,35199.0,434.545297
SPGI,2024-02-23 05:00:00+00:00,436.48,440.32,436.16,438.27,871206.0,26138.0,438.418979
SPGI,2024-02-26 05:00:00+00:00,436.68,439.295,433.39,433.41,1135434.0,27439.0,434.649264
SPGI,2024-02-27 05:00:00+00:00,433.25,434.6,426.24,427.84,1493640.0,41852.0,427.962283
SPGI,2024-02-28 05:00:00+00:00,427.47,431.8069,426.165,429.39,1222171.0,26221.0,429.513793
SPGI,2024-02-29 05:00:00+00:00,432.51,433.59,428.02,428.38,2070164.0,35257.0,429.518417
SPGI,2024-03-01 05:00:00+00:00,428.0,432.27,426.985,429.01,1484389.0,34610.0,429.368257
