Date,Symbol,Open,High,Low,Close,Volume
2020-03-12,DOC,27.06,27.06,23.23,25.12,9919153.0
2020-03-13,DOC,26.84,28.93,24.22,28.86,10537523.0
2020-03-16,DOC,26.27,26.27,22.27,22.27,6837789.0
2020-03-17,DOC,22.65,24.22,20.04,23.32,8458332.0
2020-03-18,DOC,21.46,22.66,18.63,20.85,5204050.0
2020-03-19,DOC,20.65,22.81,19.71,20.08,7404140.0
2020-03-20,DOC,20.55,23.2192,20.14,20.96,10677103.0
2020-03-23,DOC,20.58,21.66,19.46,19.95,6043754.0
2020-03-24,DOC,20.54,22.34,19.83,21.16,8249996.0
2020-03-25,DOC,21.03,23.06,20.41,21.9,9331940.0
2020-03-26,DOC,22.26,24.38,21.48,24.32,6170400.0
2020-03-27,DOC,23.5,25.99,22.72,25.03,7147630.0
2020-03-30,DOC,25.3,25.3,23.02,24.35,5217568.0
2020-03-31,DOC,24.01,24.5,22.88,23.85,8945674.0
2020-04-01,DOC,22.13,22.44,20.51,21.29,4985893.0
2020-04-02,DOC,21.11,21.645,19.9,20.41,5103546.0
2020-04-03,DOC,19.74,20.76,19.67,20.29,4352078.0
2020-04-06,DOC,21.54,23.32,21.18,23.12,5111688.0
2020-04-07,DOC,24.3,25.29,23.72,23.9,4474380.0
2020-04-08,DOC,24.37,27.02,23.66,26.68,5483430.0
2020-04-09,DOC,27.49,28.62,27.33,28.35,7158851.0
2020-04-13,DOC,27.85,28.3,26.73,26.85,5098279.0
2020-04-14,DOC,27.55,27.94,27.08,27.34,5721103.0
2020-04-15,DOC,25.96,26.29,24.87,25.5,5077593.0
2020-04-16,DOC,25.71,25.95,24.6,24.74,4236819.0
2020-04-17,DOC,25.48,26.35,25.2,26.26,4530327.0
2020-04-20,DOC,25.85,26.03,25.24,25.39,3401433.0
2020-04-21,DOC,24.25,25.0899,24.05,24.49,5867868.0
2020-04-22,DOC,24.64,25.152,24.5,24.88,3397593.0
2020-04-23,DOC,24.61,25.22,24.27,24.32,4574993.0
2020-04-24,DOC,24.32,24.74,24.09,24.23,4661026.0
2020-04-27,DOC,24.46,25.46,24.35,25.32,2493125.0
2020-04-28,DOC,26.09,26.82,25.96,26.51,4429766.0
2020-04-29,DOC,26.81,27.76,26.6,27.31,6504081.0
2020-04-30,DOC,26.8,26.8,25.75,26.14,5748815.0
2020-05-01,DOC,25.57,25.7,24.84,25.15,4307008.0
2020-05-04,DOC,24.41,25.17,24.25,25.13,3447598.0
2020-05-05,DOC,25.11,25.63,25.08,25.2,5605101.0
2020-05-06,DOC,25.12,25.26,23.88,24.03,5148164.0
2020-05-07,DOC,24.04,24.93,23.26,23.45,6274491.0
2020-05-08,DOC,23.69,24.43,23.38,24.25,2954091.0
2020-05-11,DOC,23.91,24.4,23.4,23.74,2741913.0
2020-05-12,DOC,23.71,23.975,21.92,21.94,4247635.0
2020-05-13,DOC,21.85,22.08,21.39,21.55,4309614.0
2020-05-14,DOC,21.19,22.3,20.56,22.23,5303221.0
2020-05-15,DOC,22.1,22.455,21.515,21.94,5313759.0
2020-05-18,DOC,22.96,24.375,22.52,24.06,5693473.0
2020-05-19,DOC,23.87,24.395,23.61,24.07,5882311.0
2020-05-20,DOC,23.85,24.14,23.57,23.94,5272620.0
2020-05-21,DOC,23.87,24.4,23.68,24.22,4482045.0
2020-05-22,DOC,24.27,24.64,24.12,24.55,4475525.0
2020-05-26,DOC,26.0,26.0,25.06,25.54,3999687.0
2020-05-27,DOC,26.25,26.43,25.16,25.73,6449138.0
2020-05-28,DOC,26.0,26.0,25.22,25.59,4703255.0
2020-05-29,DOC,25.19,25.2,24.35,24.64,33205521.0
2020-06-01,DOC,24.67,25.67,24.53,25.52,7982522.0
2020-06-02,DOC,26.06,26.42,25.58,26.08,5078937.0
2020-06-03,DOC,26.5,27.745,26.09,27.6,4956827.0
2020-06-04,DOC,27.39,28.05,26.97,27.78,5440762.0
2020-06-05,DOC,29.13,29.61,28.4,29.35,9433288.0
2020-06-08,DOC,29.84,30.51,29.44,29.82,4487081.0
2020-06-09,DOC,28.98,29.5389,28.6,29.26,3270045.0
2020-06-10,DOC,29.05,29.05,27.91,28.16,5621931.0
2020-06-11,DOC,26.54,27.265,26.105,26.24,5753553.0
2020-06-12,DOC,27.5,27.62,26.42,27.48,5073313.0
2020-06-15,DOC,26.47,28.26,26.38,28.16,5246399.0
2020-06-16,DOC,29.5,29.71,28.34,28.55,5091305.0
2020-06-17,DOC,28.8,28.94,27.91,27.97,3767229.0
2020-06-18,DOC,27.52,28.3,27.43,28.0,3489994.0
2020-06-19,DOC,28.52,28.52,26.32,26.32,27457995.0
2020-06-22,DOC,26.25,26.9,25.87,26.87,6743637.0
2020-06-23,DOC,27.14,27.14,26.76,26.97,5737905.0
2020-06-24,DOC,26.47,26.49,25.13,25.99,4461839.0
2020-06-25,DOC,25.74,26.62,25.54,26.59,4027180.0
2020-06-26,DOC,26.55,26.74,25.94,26.49,5699376.0
2020-06-29,DOC,26.78,27.21,26.34,27.18,4993858.0
2020-06-30,DOC,27.21,27.775,26.94,27.56,5831013.0
2020-07-01,DOC,27.5,28.885,27.28,28.82,5525206.0
2020-07-02,DOC,29.19,29.46,28.36,28.47,3745056.0
2020-07-06,DOC,29.17,29.22,27.67,27.69,3733368.0
2020-07-07,DOC,27.27,27.5,26.995,27.05,3564322.0
2020-07-08,DOC,27.0,27.08,26.475,26.85,5040411.0
2020-07-09,DOC,26.65,26.96,26.145,26.86,4661942.0
2020-07-10,DOC,26.82,27.14,26.28,26.66,4808217.0
2020-07-13,DOC,26.66,26.89,26.1832,26.33,3487884.0
2020-07-14,DOC,26.41,26.62,26.0,26.18,3656356.0
2020-07-15,DOC,26.7,26.86,26.22,26.85,4543082.0
2020-07-16,DOC,26.71,26.89,26.23,26.24,2508466.0
2020-07-17,DOC,26.57,27.24,26.27,27.11,4443656.0
2020-07-20,DOC,27.1,27.1,25.62,25.69,4709371.0
2020-07-21,DOC,25.89,26.125,25.785,25.87,3403807.0
2020-07-22,DOC,25.73,26.92,25.56,26.81,3283089.0
2020-07-23,DOC,26.65,26.91,26.23,26.58,2834298.0
2020-07-24,DOC,26.6,26.78,26.175,26.24,2374954.0
2020-07-27,DOC,26.2,26.475,25.64,26.46,5359140.0
2020-07-28,DOC,26.49,27.49,26.4,27.33,2912591.0
2020-07-29,DOC,27.55,27.905,27.43,27.9,2785606.0
2020-07-30,DOC,27.43,28.05,27.24,27.78,3291739.0
2020-07-31,DOC,27.67,27.67,26.665,27.29,6382383.0
2020-08-03,DOC,27.01,27.07,26.39,26.89,4383141.0
2020-08-04,DOC,26.79,27.46,26.55,27.31,5442386.0
2020-08-05,DOC,27.31,27.79,26.82,27.18,5024417.0
2020-08-06,DOC,27.08,28.2,27.0,28.05,4145463.0
2020-08-07,DOC,27.89,28.695,27.89,28.61,3210897.0
2020-08-10,DOC,28.75,29.32,28.435,29.03,2529713.0
2020-08-11,DOC,29.32,29.48,28.14,28.22,2907104.0
2020-08-12,DOC,28.31,28.68,28.095,28.64,2227529.0
2020-08-13,DOC,28.22,28.48,27.38,27.43,3239332.0
2020-08-14,DOC,27.38,27.61,26.96,27.01,5286920.0
2020-08-17,DOC,27.16,27.58,26.865,27.5,3111539.0
2020-08-18,DOC,27.39,27.835,27.19,27.68,4335935.0
2020-08-19,DOC,27.7,27.735,26.88,26.99,6737735.0
2020-08-20,DOC,26.9,27.63,26.69,27.41,3724047.0
2020-08-21,DOC,27.58,27.72,26.97,27.45,2997503.0
2020-08-24,DOC,27.17,27.99,27.0,27.94,3156241.0
2020-08-25,DOC,27.8,27.98,27.26,27.72,3103256.0
2020-08-26,DOC,27.6,27.855,27.155,27.3,2720409.0
2020-08-27,DOC,27.55,28.08,27.5,28.05,2449422.0
2020-08-28,DOC,28.01,28.49,27.525,28.46,2783835.0
2020-08-31,DOC,28.45,28.45,27.58,27.64,8590406.0
2020-09-01,DOC,27.36,27.66,27.1,27.46,3015310.0
2020-09-02,DOC,27.88,28.57,27.4775,28.56,4623575.0
2020-09-03,DOC,28.64,29.42,28.22,28.41,5424443.0
2020-09-04,DOC,28.48,28.75,27.852,28.35,4003533.0
2020-09-08,DOC,28.13,28.17,27.59,27.75,5905606.0
2020-09-09,DOC,27.99,28.38,27.595,28.1,3186002.0
2020-09-10,DOC,27.95,28.32,27.82,27.93,3687278.0
2020-09-11,DOC,28.12,28.12,27.3912,27.89,2381460.0
2020-09-14,DOC,28.22,28.96,28.04,28.76,2455996.0
2020-09-15,DOC,28.71,29.3019,28.57,28.79,2628279.0
2020-09-16,DOC,29.04,29.09,28.64,28.68,4887763.0
2020-09-17,DOC,28.37,28.795,27.9,28.1,4354978.0
2020-09-18,DOC,27.67,27.881,26.56,26.6,8901898.0
2020-09-21,DOC,26.37,26.92,26.05,26.29,7545698.0
2020-09-22,DOC,26.33,26.9,26.22,26.6,5943228.0
2020-09-23,DOC,26.42,26.71,25.535,25.58,3578450.0
2020-09-24,DOC,25.63,26.27,25.515,25.98,4132886.0
2020-09-25,DOC,25.91,26.76,25.745,26.73,2621894.0
2020-09-28,DOC,27.49,27.6,27.02,27.33,2782446.0
2020-09-29,DOC,27.15,27.265,26.71,27.05,2587211.0
2020-09-30,DOC,27.28,27.6,26.755,27.15,6086211.0
2020-10-01,DOC,27.2,28.07,27.12,28.04,3192544.0
2020-10-02,DOC,27.51,28.68,27.29,28.5,5005381.0
2020-10-05,DOC,28.59,28.77,27.78,28.28,4939557.0
2020-10-06,DOC,28.43,28.82,28.08,28.25,4595034.0
2020-10-07,DOC,28.32,28.54,27.96,28.34,3671506.0
2020-10-08,DOC,28.36,29.05,28.28,29.04,4363165.0
2020-10-09,DOC,29.3,29.3,28.57,28.63,2582030.0
2020-10-12,DOC,28.6,28.72,28.2,28.51,2782951.0
2020-10-13,DOC,28.31,28.39,27.45,27.87,2248580.0
2020-10-14,DOC,27.69,27.9,27.44,27.51,2192589.0
2020-10-15,DOC,27.36,28.14,27.31,27.62,2823642.0
2020-10-16,DOC,27.14,27.49,26.82,27.03,3931853.0
2020-10-19,DOC,27.26,27.35,26.32,26.54,6127246.0
2020-10-20,DOC,26.83,27.22,26.65,27.09,3164329.0
2020-10-21,DOC,27.04,27.535,26.78,27.41,3900551.0
2020-10-22,DOC,27.39,28.565,27.34,28.47,4019424.0
2020-10-23,DOC,28.61,28.9921,28.61,28.77,3836379.0
2020-10-26,DOC,28.6,28.74,27.7182,27.94,4204091.0
2020-10-27,DOC,27.98,28.235,27.35,27.35,4080054.0
2020-10-28,DOC,26.82,27.23,26.47,26.58,6642062.0
2020-10-29,DOC,26.5,27.665,26.41,27.52,4560698.0
2020-10-30,DOC,27.39,27.58,26.51,26.97,5626942.0
2020-11-02,DOC,27.32,28.25,27.18,28.25,6290054.0
2020-11-03,DOC,28.25,28.71,27.45,28.53,7463535.0
2020-11-04,DOC,28.55,28.92,28.15,28.52,6376490.0
2020-11-05,DOC,28.79,28.82,28.2,28.66,4519559.0
2020-11-06,DOC,28.73,28.89,27.93,28.08,4331490.0
2020-11-09,DOC,30.45,33.12,29.04,29.11,8711056.0
2020-11-10,DOC,29.0,29.74,28.72,29.36,6204545.0
2020-11-11,DOC,29.48,29.48,28.59,29.08,4112168.0
2020-11-12,DOC,28.99,28.99,28.09,28.58,3482486.0
2020-11-13,DOC,28.79,29.75,28.74,29.71,5454461.0
2020-11-16,DOC,30.96,30.96,30.05,30.73,4984820.0
2020-11-17,DOC,30.43,31.02,30.05,30.81,5426674.0
2020-11-18,DOC,30.82,31.32,30.34,30.35,4387071.0
2020-11-19,DOC,30.19,30.63,29.9,30.6,3868478.0
2020-11-20,DOC,30.68,30.68,29.99,30.57,8081803.0
2020-11-23,DOC,30.6,30.95,30.39,30.51,2956506.0
2020-11-24,DOC,31.0,31.51,30.73,30.77,3613814.0
2020-11-25,DOC,30.64,30.81,30.14,30.51,4247361.0
2020-11-27,DOC,30.57,30.665,29.82,29.88,2221206.0
2020-11-30,DOC,29.78,29.93,28.785,28.86,9234434.0
2020-12-01,DOC,29.25,29.74,29.2419,29.66,4417653.0
2020-12-02,DOC,29.5,29.67,29.16,29.5,3530940.0
2020-12-03,DOC,29.5,30.3,29.42,30.07,3792975.0
2020-12-04,DOC,30.26,30.69,29.96,30.59,3689764.0
2020-12-07,DOC,30.54,31.125,30.43,30.74,3136789.0
2020-12-08,DOC,30.69,31.135,30.69,30.88,3607483.0
2020-12-09,DOC,30.91,30.91,30.15,30.49,5383970.0
2020-12-10,DOC,29.97,30.46,29.45,29.54,6282311.0
2020-12-11,DOC,29.27,29.75,29.12,29.33,5540478.0
2020-12-14,DOC,29.22,29.54,28.85,28.88,3819442.0
2020-12-15,DOC,29.2,29.95,28.96,29.95,3456263.0
2020-12-16,DOC,30.0,30.44,29.82,30.38,4811281.0
2020-12-17,DOC,30.63,30.63,29.915,30.49,4486965.0
2020-12-18,DOC,30.55,30.6,29.52,29.83,8828914.0
2020-12-21,DOC,29.3,29.63,29.0,29.38,3702348.0
2020-12-22,DOC,29.46,29.74,29.27,29.67,3382971.0
2020-12-23,DOC,29.8,29.99,29.49,29.52,3138579.0
2020-12-24,DOC,29.57,29.83,29.35,29.76,590412.0
2020-12-28,DOC,29.82,29.93,29.55,29.92,1691878.0
2020-12-29,DOC,30.04,30.14,29.57,29.76,1794403.0
2020-12-30,DOC,29.85,30.27,29.7,29.86,1879605.0
2020-12-31,DOC,29.86,30.27,29.49,30.23,2234109.0
2021-01-04,DOC,30.17,30.32,28.88,28.89,4344581.0
2021-01-05,DOC,29.01,29.34,28.93,29.09,3271470.0
2021-01-06,DOC,29.2,29.41,28.85,29.2,4929353.0
2021-01-07,DOC,28.99,29.06,28.16,28.42,5525605.0
2021-01-08,DOC,28.51,28.61,28.18,28.59,3081496.0
2021-01-11,DOC,28.59,28.77,28.305,28.47,4043395.0
2021-01-12,DOC,28.33,28.69,28.145,28.61,3856514.0
2021-01-13,DOC,28.64,29.45,28.64,29.44,2459923.0
2021-01-14,DOC,29.51,30.11,29.34,29.85,4386332.0
2021-01-15,DOC,29.76,30.0,29.48,29.96,3340433.0
2021-01-19,DOC,29.95,29.99,28.96,29.15,4420468.0
2021-01-20,DOC,29.2,30.31,29.06,30.16,4079386.0
2021-01-21,DOC,29.9,29.98,29.555,29.93,3247748.0
2021-01-22,DOC,29.8,30.26,29.71,30.18,3212107.0
2021-01-25,DOC,30.14,30.86,29.9525,30.39,3749053.0
2021-01-26,DOC,30.42,30.7,29.9,30.13,2467245.0
2021-01-27,DOC,29.89,30.2,29.05,29.17,3414516.0
2021-01-28,DOC,29.18,30.41,29.13,30.01,4377038.0
2021-01-29,DOC,29.86,30.245,29.15,29.65,4417800.0
2021-02-01,DOC,29.82,30.39,29.42,30.38,2892091.0
2021-02-02,DOC,30.56,30.95,30.28,30.34,2799912.0
2021-02-03,DOC,30.08,30.65,29.74,30.55,3073477.0
2021-02-04,DOC,30.65,31.175,30.4325,30.69,4704245.0
2021-02-05,DOC,30.65,30.9,30.39,30.5,2984310.0
2021-02-08,DOC,30.55,30.62,30.155,30.26,3251850.0
2021-02-09,DOC,30.39,30.48,29.69,29.92,4132856.0
2021-02-10,DOC,30.12,31.07,30.0,30.64,6386042.0
2021-02-11,DOC,30.825,31.25,30.29,31.2,4304834.0
2021-02-12,DOC,31.06,31.24,30.73,30.94,2925649.0
2021-02-16,DOC,30.96,31.0,30.05,30.15,5309511.0
2021-02-17,DOC,30.15,30.5,29.83,30.3,2873830.0
2021-02-18,DOC,30.11,30.37,29.9,30.23,3178163.0
2021-02-19,DOC,30.05,30.17,29.75,29.78,5528114.0
2021-02-22,DOC,29.7,30.345,29.6,30.18,5914591.0
2021-02-23,DOC,30.47,30.775,30.13,30.72,4034488.0
2021-02-24,DOC,30.64,31.38,30.59,31.3,4014783.0
2021-02-25,DOC,31.22,31.37,29.6101,29.78,3854889.0
2021-02-26,DOC,29.96,30.16,29.04,29.09,6561009.0
2021-03-01,DOC,29.47,29.99,29.26,29.58,5903812.0
2021-03-02,DOC,29.53,30.0,29.09,29.77,6083597.0
2021-03-03,DOC,29.77,29.825,29.14,29.26,3928345.0
2021-03-04,DOC,29.28,29.79,29.04,29.49,5958460.0
2021-03-05,DOC,29.59,29.915,28.86,29.81,3836872.0
2021-03-08,DOC,29.99,30.69,29.615,30.24,4015775.0
2021-03-09,DOC,30.34,30.87,30.21,30.23,3561920.0
2021-03-10,DOC,30.41,30.97,30.18,30.77,3544518.0
2021-03-11,DOC,30.79,31.51,30.7,31.13,5018910.0
2021-03-12,DOC,31.13,31.82,31.035,31.76,5802144.0
2021-03-15,DOC,31.87,32.35,31.56,32.07,5911432.0
2021-03-16,DOC,32.15,32.295,31.77,32.13,3635416.0
2021-03-17,DOC,31.87,32.655,31.7,32.49,5190772.0
2021-03-18,DOC,32.3,32.34,31.9,32.08,3243855.0
2021-03-19,DOC,32.1,32.435,31.82,31.93,7444332.0
2021-03-22,DOC,31.93,31.93,31.54,31.64,3293188.0
2021-03-23,DOC,31.65,31.865,31.42,31.74,5562505.0
2021-03-24,DOC,31.69,32.11,31.34,31.34,3516301.0
2021-03-25,DOC,31.31,31.64,30.61,31.47,3701601.0
2021-03-26,DOC,31.7,32.09,31.45,32.06,3021390.0
2021-03-29,DOC,32.0,32.04,31.27,31.72,2729670.0
2021-03-30,DOC,31.77,32.31,31.73,31.98,3514650.0
2021-03-31,DOC,31.88,32.23,31.6,31.74,5190765.0
2021-04-01,DOC,32.04,32.78,31.66,32.71,3760222.0
2021-04-05,DOC,32.74,32.75,32.0,32.28,4142852.0
2021-04-06,DOC,32.19,32.585,32.14,32.57,4442797.0
2021-04-07,DOC,32.65,32.82,32.45,32.63,5055681.0
2021-04-08,DOC,32.6,32.9,32.49,32.63,4722557.0
2021-04-09,DOC,32.72,32.75,32.315,32.39,3936057.0
2021-04-12,DOC,32.54,32.86,32.21,32.84,3034659.0
2021-04-13,DOC,32.82,33.0699,32.63,33.04,2458890.0
2021-04-14,DOC,33.0,33.07,32.49,32.51,2091616.0
2021-04-15,DOC,32.64,33.165,32.52,33.15,1954311.0
2021-04-16,DOC,33.3,33.32,33.02,33.25,3653746.0
2021-04-19,DOC,33.34,33.35,33.34,33.35,31027.0
2021-04-20,DOC,33.27,34.16,33.27,34.05,3483457.0
2021-04-21,DOC,34.11,34.44,33.85,34.32,3296681.0
2021-04-22,DOC,34.29,34.49,34.005,34.04,2353710.0
2021-04-23,DOC,34.15,34.19,33.85,33.99,2164619.0
2021-04-26,DOC,34.16,34.41,33.98,34.17,2042388.0
2021-04-27,DOC,34.19,34.2,33.89,33.92,1935388.0
2021-04-28,DOC,33.92,34.025,33.56,33.58,3108978.0
2021-04-29,DOC,33.82,34.26,33.7,33.87,2472165.0
2021-04-30,DOC,33.8,34.4,33.75,34.34,3493492.0
2021-05-03,DOC,34.48,34.58,34.025,34.15,4357880.0
2021-05-04,DOC,34.24,34.505,33.88,34.03,3190450.0
2021-05-05,DOC,33.89,34.23,32.89,33.09,3079190.0
2021-05-06,DOC,33.12,33.6,32.96,33.55,2863555.0
2021-05-07,DOC,33.23,33.545,33.13,33.52,2541981.0
2021-05-10,DOC,33.74,34.195,33.495,33.51,2769744.0
2021-05-11,DOC,33.24,33.37,32.53,32.83,2633464.0
2021-05-12,DOC,32.9,33.065,32.03,32.11,5018748.0
2021-05-13,DOC,32.14,32.9,32.04,32.57,4858219.0
2021-05-14,DOC,32.68,33.23,32.65,33.08,3427554.0
2021-05-17,DOC,33.44,33.515,33.05,33.32,4350475.0
2021-05-18,DOC,33.22,33.625,32.95,33.4,3067133.0
2021-05-19,DOC,33.1,33.26,32.62,33.25,3258370.0
2021-05-20,DOC,32.98,33.31,32.935,33.18,5969706.0
2021-05-21,DOC,33.17,33.4,32.74,32.94,3889608.0
2021-05-24,DOC,33.21,33.54,33.09,33.45,4613133.0
2021-05-25,DOC,33.39,33.685,33.175,33.55,4116318.0
2021-05-26,DOC,33.54,33.58,33.2535,33.27,3328325.0
2021-05-27,DOC,33.4,33.4,32.9,32.94,9942751.0
2021-05-28,DOC,33.15,33.54,32.86,33.38,3776930.0
2021-06-01,DOC,33.51,34.1,33.335,34.07,4222854.0
2021-06-02,DOC,34.26,34.61,33.94,34.18,15131587.0
2021-06-03,DOC,34.19,34.21,33.77,33.86,10035929.0
2021-06-04,DOC,33.89,33.89,33.44,33.69,9835070.0
2021-06-07,DOC,33.89,34.31,33.77,34.09,11570379.0
2021-06-08,DOC,34.02,34.54,33.98,34.27,6966112.0
2021-06-09,DOC,34.49,34.82,34.355,34.61,4037164.0
2021-06-10,DOC,34.63,34.98,34.455,34.94,3595070.0
2021-06-11,DOC,34.95,35.04,34.61,34.78,5415648.0
2021-06-14,DOC,34.82,35.31,34.685,35.3,2470114.0
2021-06-15,DOC,35.28,35.28,34.74,34.77,2476488.0
2021-06-16,DOC,34.82,34.945,34.21,34.23,4709464.0
2021-06-17,DOC,34.18,34.36,33.915,34.15,3707083.0
2021-06-18,DOC,33.98,34.16,33.06,33.09,12140251.0
2021-06-21,DOC,33.28,34.0,33.11,33.84,3117792.0
2021-06-22,DOC,33.84,33.98,33.65,33.68,3540939.0
2021-06-23,DOC,33.57,33.98,33.45,33.84,3716467.0
2021-06-24,DOC,33.93,33.93,33.565,33.86,2205226.0
2021-06-25,DOC,33.8,34.0,33.72,33.99,3063558.0
2021-06-28,DOC,34.0,34.0,33.32,33.55,2285962.0
2021-06-29,DOC,33.53,33.77,33.46,33.68,3293633.0
2021-06-30,DOC,33.69,33.905,33.23,33.29,3133103.0
2021-07-01,DOC,33.33,33.71,33.055,33.31,3291324.0
2021-07-02,DOC,33.46,33.73,33.18,33.41,3586094.0
2021-07-06,DOC,33.33,34.11,33.05,33.97,5436719.0
2021-07-07,DOC,33.89,34.5,33.67,34.34,5298533.0
2021-07-08,DOC,34.16,34.41,33.925,34.18,3978091.0
2021-07-09,DOC,34.4,34.765,34.14,34.76,2309899.0
2021-07-12,DOC,34.66,35.09,34.42,34.99,2606790.0
2021-07-13,DOC,34.85,34.9,34.27,34.48,2553942.0
2021-07-14,DOC,34.48,35.165,34.39,34.97,3227582.0
2021-07-15,DOC,34.92,35.3,34.79,35.28,2550532.0
2021-07-16,DOC,35.5,35.79,35.41,35.56,4072056.0
2021-07-19,DOC,35.21,35.31,34.535,34.94,4419586.0
2021-07-20,DOC,35.22,36.16,34.98,36.0,4077025.0
2021-07-21,DOC,36.01,36.37,35.8,36.13,3175503.0
2021-07-22,DOC,36.01,36.115,35.71,36.06,3662722.0
2021-07-23,DOC,36.4,36.47,36.03,36.27,3063602.0
2021-07-26,DOC,36.17,36.46,35.94,36.39,4160288.0
2021-07-27,DOC,36.39,37.12,36.11,36.97,3417991.0
2021-07-28,DOC,36.96,37.07,36.67,36.84,3309017.0
2021-07-29,DOC,36.92,37.21,36.86,37.14,3748033.0
2021-07-30,DOC,37.26,37.69,36.86,36.97,6221211.0
2021-08-02,DOC,37.12,37.32,36.62,36.66,3218386.0
2021-08-03,DOC,36.78,36.81,36.36,36.74,3089887.0
2021-08-04,DOC,36.46,37.44,36.45,36.95,3506357.0
2021-08-05,DOC,37.11,37.37,36.855,37.36,5071832.0
2021-08-06,DOC,37.16,37.27,36.255,36.35,3384388.0
2021-08-09,DOC,36.22,36.41,36.02,36.14,3911757.0
2021-08-10,DOC,36.21,36.21,35.34,35.37,6419916.0
2021-08-11,DOC,35.53,35.67,35.17,35.23,4594757.0
2021-08-12,DOC,35.36,35.46,34.985,35.2,2322502.0
2021-08-13,DOC,35.39,35.89,35.27,35.83,2805530.0
2021-08-16,DOC,35.76,36.07,35.57,35.63,2173029.0
2021-08-17,DOC,35.42,35.68,35.15,35.68,2038954.0
2021-08-18,DOC,35.51,35.65,35.2,35.31,2438749.0
2021-08-19,DOC,35.1,35.595,34.81,35.15,3759767.0
2021-08-20,DOC,35.02,35.36,34.51,35.16,2382070.0
2021-08-23,DOC,35.24,35.36,34.76,34.94,2072771.0
2021-08-24,DOC,35.0,35.285,34.68,35.15,4271064.0
2021-08-25,DOC,35.05,35.61,34.895,35.23,3538142.0
2021-08-26,DOC,35.34,35.41,35.09,35.16,2919002.0
2021-08-27,DOC,35.31,35.8,35.21,35.5,2769409.0
2021-08-30,DOC,35.48,35.89,35.3,35.8,3441512.0
2021-08-31,DOC,35.75,36.08,35.56,36.0,5699851.0
2021-09-01,DOC,36.17,36.69,36.12,36.53,3827735.0
2021-09-02,DOC,36.66,36.69,36.3,36.62,2952482.0
2021-09-03,DOC,36.52,36.52,35.99,36.35,3276487.0
2021-09-07,DOC,36.19,36.19,35.44,35.77,6017896.0
2021-09-08,DOC,35.7,36.47,35.53,36.35,6530484.0
2021-09-09,DOC,36.17,36.33,35.59,35.61,3169959.0
2021-09-10,DOC,35.67,35.73,35.18,35.35,4361762.0
2021-09-13,DOC,35.67,35.88,35.45,35.48,3014375.0
2021-09-14,DOC,35.53,35.57,35.09,35.37,2228487.0
2021-09-15,DOC,35.29,35.515,35.11,35.27,2795596.0
2021-09-16,DOC,35.3,35.6,35.01,35.3,2732476.0
2021-09-17,DOC,34.97,35.185,34.73,34.84,7102146.0
2021-09-20,DOC,34.6,34.96,34.23,34.73,3667014.0
2021-09-21,DOC,34.98,35.09,34.43,34.45,3035798.0
2021-09-22,DOC,34.8,34.9,34.44,34.62,2855066.0
2021-09-23,DOC,34.65,34.8,34.47,34.5,3333615.0
2021-09-24,DOC,34.33,34.548,33.84,34.04,3589255.0
2021-09-27,DOC,34.08,34.51,33.6,33.62,3399727.0
2021-09-28,DOC,33.36,33.75,33.17,33.62,3460306.0
2021-09-29,DOC,33.71,34.2,33.69,34.01,2551803.0
2021-09-30,DOC,34.11,34.18,33.41,33.48,3751891.0
2021-10-01,DOC,33.73,34.13,33.51,33.89,2760461.0
2021-10-04,DOC,33.87,34.17,33.8,34.12,4919019.0
2021-10-05,DOC,34.07,34.07,33.29,33.55,3687153.0
2021-10-06,DOC,33.45,33.895,32.99,33.86,2842265.0
2021-10-07,DOC,34.05,34.3,33.75,33.78,2101942.0
2021-10-08,DOC,33.74,33.84,33.55,33.62,2035614.0
2021-10-11,DOC,33.58,33.92,33.34,33.77,1883844.0
2021-10-12,DOC,33.8,33.95,33.54,33.74,2198249.0
2021-10-13,DOC,33.71,34.045,33.51,33.99,3497799.0
2021-10-14,DOC,34.15,34.5,34.09,34.43,4944579.0
2021-10-15,DOC,34.66,34.89,34.52,34.64,5893093.0
2021-10-18,DOC,34.49,34.725,34.38,34.61,3120013.0
2021-10-19,DOC,34.82,34.85,34.36,34.44,2533058.0
2021-10-20,DOC,34.43,34.97,34.43,34.88,1832173.0
2021-10-21,DOC,34.97,34.97,34.63,34.78,2197010.0
2021-10-22,DOC,34.78,35.01,34.67,34.72,2759278.0
2021-10-25,DOC,34.74,34.74,34.44,34.44,517391.0
2021-10-26,DOC,34.45,35.17,34.36,35.07,3753134.0
2021-10-27,DOC,35.25,36.05,35.12,35.66,3692669.0
2021-10-28,DOC,35.67,36.19,35.645,36.14,3585579.0
2021-10-29,DOC,36.02,36.06,35.32,35.51,4268783.0
2021-11-01,DOC,35.52,35.718,35.08,35.58,2937944.0
2021-11-02,DOC,35.82,35.925,34.74,35.38,4237749.0
2021-11-03,DOC,35.63,35.84,34.83,34.95,4485247.0
2021-11-04,DOC,34.92,35.16,34.19,34.29,2589674.0
2021-11-05,DOC,34.2,34.9,34.145,34.24,3178378.0
2021-11-08,DOC,34.17,34.33,33.67,34.0,3253884.0
2021-11-09,DOC,34.0,34.17,33.74,33.98,2422967.0
2021-11-10,DOC,33.79,34.23,33.79,33.99,3729584.0
2021-11-11,DOC,33.9,34.19,33.48,34.18,2971800.0
2021-11-12,DOC,34.32,34.36,33.69,33.81,1890271.0
2021-11-15,DOC,33.84,34.18,33.565,34.16,2418705.0
2021-11-16,DOC,34.22,34.35,33.85,34.18,4276962.0
2021-11-17,DOC,33.99,35.045,33.52,34.99,3567506.0
2021-11-18,DOC,35.08,35.16,34.67,34.83,3516914.0
2021-11-19,DOC,34.88,34.91,34.135,34.21,3058760.0
2021-11-22,DOC,34.13,34.28,33.81,33.88,2436429.0
2021-11-23,DOC,33.89,34.39,33.75,34.22,2365585.0
2021-11-24,DOC,34.28,34.78,34.22,34.69,1795740.0
2021-11-26,DOC,34.13,34.23,33.73,33.9,1636055.0
2021-11-29,DOC,34.2,34.41,33.85,34.06,2333492.0
2021-11-30,DOC,33.81,33.97,32.83,32.86,7877348.0
2021-12-01,DOC,33.29,33.89,32.5,32.51,3384675.0
2021-12-02,DOC,32.79,33.7,32.69,33.52,3597409.0
2021-12-03,DOC,33.54,33.76,33.175,33.49,3128940.0
2021-12-06,DOC,33.82,34.485,33.64,34.08,2739492.0
2021-12-07,DOC,34.11,34.399,33.99,34.18,3120602.0
2021-12-08,DOC,34.12,34.64,33.93,34.53,3596079.0
2021-12-09,DOC,34.35,34.485,34.1,34.14,2586253.0
2021-12-10,DOC,34.37,34.41,33.665,33.79,2525380.0
2021-12-13,DOC,33.61,34.5975,33.54,34.42,3387883.0
2021-12-14,DOC,34.51,34.55,33.605,34.01,3490823.0
2021-12-15,DOC,34.06,34.8,34.06,34.44,5184262.0
2021-12-16,DOC,34.55,34.84,34.32,34.75,4275554.0
2021-12-17,DOC,34.95,35.29,34.45,34.92,7235294.0
2021-12-20,DOC,34.68,34.995,34.275,34.89,3523759.0
2021-12-21,DOC,35.03,35.41,34.9,35.18,2223703.0
2021-12-22,DOC,35.24,35.55,34.99,35.42,1641098.0
2021-12-23,DOC,35.51,35.51,35.09,35.19,2120119.0
2021-12-27,DOC,35.2,35.71,34.95,35.7,1708544.0
2021-12-28,DOC,35.71,35.88,35.56,35.88,1764730.0
2021-12-29,DOC,35.93,36.215,35.54,36.1,2015383.0
2021-12-30,DOC,36.04,36.28,35.915,36.0,3428092.0
2021-12-31,DOC,36.08,36.275,35.88,36.09,3029537.0
2022-01-03,DOC,36.13,36.26,35.39,36.13,2735916.0
2022-01-04,DOC,36.24,36.835,36.2,36.66,3213370.0
2022-01-05,DOC,36.58,36.85,36.0,36.0,4897148.0
2022-01-06,DOC,36.16,36.24,35.7,35.96,4536560.0
2022-01-07,DOC,35.8,36.13,35.61,35.97,3052238.0
2022-01-10,DOC,35.88,35.92,35.55,35.83,4306881.0
2022-01-11,DOC,35.82,36.075,35.39,35.92,3680443.0
2022-01-12,DOC,35.84,36.21,35.8,36.0,2814249.0
2022-01-13,DOC,36.05,36.45,35.84,36.29,3528182.0
2022-01-14,DOC,36.17,36.23,35.75,36.08,3579042.0
2022-01-18,DOC,35.96,36.165,35.49,36.08,4634324.0
2022-01-19,DOC,36.27,36.32,35.68,35.7,5264549.0
2022-01-20,DOC,35.65,35.92,34.88,34.95,5889244.0
2022-01-21,DOC,35.12,35.285,34.855,35.04,5292542.0
2022-01-24,DOC,34.8,34.91,34.27,34.86,1543912.0
2022-01-25,DOC,34.49,35.37,34.135,35.16,5365692.0
2022-01-26,DOC,35.23,35.72,34.41,34.69,4482092.0
2022-01-27,DOC,34.9,35.195,34.23,34.34,4825272.0
2022-01-28,DOC,34.35,34.96,33.3,34.94,5923209.0
2022-01-31,DOC,34.7,35.38,34.59,35.37,6015076.0
2022-02-01,DOC,35.18,35.6,34.6,34.88,3943970.0
2022-02-02,DOC,34.95,35.23,34.64,34.7,8711583.0
2022-02-03,DOC,34.54,34.71,33.945,34.0,6314532.0
2022-02-04,DOC,33.65,33.77,32.66,33.02,6826311.0
2022-02-07,DOC,33.05,33.3,32.5,32.55,5829611.0
2022-02-08,DOC,32.63,32.96,32.42,32.62,6565621.0
2022-02-09,DOC,32.88,33.575,32.87,33.4,8320029.0
2022-02-10,DOC,32.61,33.105,32.04,32.17,5253487.0
2022-02-11,DOC,32.19,32.66,31.82,32.45,6203900.0
2022-02-14,DOC,32.48,32.82,32.035,32.1,6115061.0
2022-02-15,DOC,32.44,32.49,31.8301,31.95,3660422.0
2022-02-16,DOC,32.14,32.28,31.71,32.02,5099058.0
2022-02-17,DOC,32.01,32.0864,31.7,31.86,3519155.0
2022-02-18,DOC,31.74,32.21,31.65,31.73,12965857.0
2022-02-22,DOC,31.66,31.9,31.435,31.78,4789548.0
2022-02-23,DOC,31.87,32.15,30.805,30.88,4206905.0
2022-02-24,DOC,30.18,30.98,30.155,30.89,6172384.0
2022-02-25,DOC,31.12,31.66,30.85,31.64,4638213.0
2022-02-28,DOC,31.15,31.31,30.73,31.06,8047815.0
2022-03-01,DOC,31.1,31.31,30.5,30.75,5391979.0
2022-03-02,DOC,30.92,31.685,30.77,31.5,5254908.0
2022-03-03,DOC,31.72,32.25,31.54,32.21,5730014.0
2022-03-04,DOC,31.94,32.98,31.88,32.96,6082875.0
2022-03-07,DOC,32.87,33.02,32.16,32.16,4092194.0
2022-03-08,DOC,32.02,32.13,32.02,32.13,664422.0
2022-03-09,DOC,32.56,32.66,32.21,32.23,3301181.0
2022-03-10,DOC,32.02,32.68,31.85,32.65,2322264.0
2022-03-11,DOC,32.87,33.08,32.39,32.41,3740540.0
2022-03-14,DOC,32.64,32.79,32.21,32.3,4287497.0
2022-03-15,DOC,32.67,32.93,32.34,32.65,5013705.0
2022-03-16,DOC,32.85,33.26,32.46,33.14,5595870.0
2022-03-17,DOC,33.01,33.565,32.86,33.26,4975399.0
2022-03-18,DOC,33.01,33.46,32.9,33.16,7816488.0
2022-03-21,DOC,33.23,33.435,32.9276,33.18,2688884.0
2022-03-22,DOC,33.36,33.71,33.285,33.47,3896148.0
2022-03-23,DOC,33.39,33.605,33.08,33.33,3362020.0
2022-03-24,DOC,33.3,33.8,33.29,33.76,2590946.0
2022-03-25,DOC,33.94,34.3,33.85,34.27,3307062.0
2022-03-28,DOC,34.34,34.585,34.11,34.55,3042008.0
2022-03-29,DOC,34.81,35.335,34.62,35.29,5064159.0
2022-03-30,DOC,35.15,35.15,34.6621,34.83,3612635.0
2022-03-31,DOC,34.98,35.11,34.305,34.33,5289709.0
2022-04-01,DOC,34.52,35.03,34.37,35.01,3141742.0
2022-04-04,DOC,35.11,35.36,34.95,35.25,4393345.0
2022-04-05,DOC,35.18,35.34,34.21,34.35,3188277.0
2022-04-06,DOC,34.35,35.38,34.01,35.36,3382729.0
2022-04-07,DOC,35.11,35.19,34.65,35.02,2861250.0
2022-04-08,DOC,35.18,35.375,34.92,35.22,2330711.0
2022-04-11,DOC,35.36,35.47,34.77,34.84,2051974.0
2022-04-12,DOC,34.71,35.32,34.54,35.08,3559234.0
2022-04-13,DOC,35.16,35.3,34.885,35.11,1983898.0
2022-04-14,DOC,35.21,35.44,34.94,35.03,2415778.0
2022-04-18,DOC,34.95,35.03,34.475,34.69,2171835.0
2022-04-19,DOC,34.87,35.055,34.615,34.87,1988766.0
2022-04-20,DOC,34.86,35.34,34.67,35.3,3155958.0
2022-04-21,DOC,35.51,35.72,35.24,35.4,2477109.0
2022-04-22,DOC,35.18,35.19,34.45,34.46,4353123.0
2022-04-25,DOC,34.53,34.68,33.725,34.28,3042783.0
2022-04-26,DOC,34.27,34.6,34.1385,34.15,3231288.0
2022-04-27,DOC,34.26,34.44,33.77,33.77,2925569.0
2022-04-28,DOC,33.77,34.345,33.47,34.24,3600426.0
2022-04-29,DOC,34.11,34.19,32.705,32.81,6277467.0
2022-05-02,DOC,33.0,33.1,31.58,32.22,3990066.0
2022-05-03,DOC,32.39,33.2,32.31,33.04,4388818.0
2022-05-04,DOC,32.96,33.42,31.46,32.28,3797719.0
2022-05-05,DOC,32.04,32.21,31.235,31.48,4590738.0
2022-05-06,DOC,30.99,31.08,30.265,30.65,5483900.0
2022-05-09,DOC,30.37,30.775,29.955,30.02,5517416.0
2022-05-10,DOC,30.27,30.388,29.22,29.33,5263971.0
2022-05-11,DOC,29.32,29.975,29.31,29.58,5158336.0
2022-05-12,DOC,29.61,29.91,29.47,29.81,5806521.0
2022-05-13,DOC,29.98,30.125,29.66,30.08,4060260.0
2022-05-16,DOC,30.11,30.43,30.005,30.19,3305494.0
2022-05-17,DOC,30.39,30.915,30.02,30.89,4213563.0
2022-05-18,DOC,30.86,30.95,30.005,30.07,3370229.0
2022-05-19,DOC,29.49,29.95,29.0,29.28,5806757.0
2022-05-20,DOC,29.58,29.64,28.75,29.42,9948730.0
2022-05-23,DOC,29.6,29.72,29.195,29.43,5098789.0
2022-05-24,DOC,29.42,29.54,28.645,29.46,5954117.0
2022-05-25,DOC,29.37,29.605,29.11,29.5,8829498.0
2022-05-26,DOC,29.64,29.8,29.31,29.33,4740149.0
2022-05-27,DOC,29.38,30.1,29.33,30.08,4058087.0
2022-05-31,DOC,29.86,29.955,29.5,29.69,15369849.0
2022-06-01,DOC,29.64,29.67,28.86,29.33,3502349.0
2022-06-02,DOC,29.24,29.345,28.5501,29.28,3435733.0
2022-06-03,DOC,29.07,29.22,28.615,28.69,2615072.0
2022-06-06,DOC,28.78,28.86,28.301,28.49,3702526.0
2022-06-07,DOC,28.42,28.78,28.135,28.75,3078750.0
2022-06-08,DOC,28.58,28.58,27.385,27.46,5230907.0
2022-06-09,DOC,27.21,27.41,25.96,25.96,7326525.0
2022-06-10,DOC,25.7,25.945,25.35,25.63,4738710.0
2022-06-13,DOC,25.12,25.15,23.93,24.04,5983475.0
2022-06-14,DOC,24.12,24.12,23.23,23.44,6467570.0
2022-06-15,DOC,23.71,24.64,23.51,24.37,8695814.0
2022-06-16,DOC,23.8,24.41,23.735,24.11,6591826.0
2022-06-17,DOC,24.22,24.685,23.985,24.22,13008295.0
2022-06-21,DOC,24.44,25.245,24.38,24.88,6338745.0
2022-06-22,DOC,24.69,25.525,24.67,25.18,6548185.0
2022-06-23,DOC,25.26,25.5,25.06,25.31,3831992.0
2022-06-24,DOC,25.43,26.13,25.31,26.1,6533726.0
2022-06-27,DOC,26.0,26.58,25.88,26.02,3882779.0
2022-06-28,DOC,26.19,26.44,25.45,25.47,4316351.0
2022-06-29,DOC,25.36,25.865,25.33,25.84,3299052.0
2022-06-30,DOC,25.71,26.11,25.41,25.91,7934838.0
2022-07-01,DOC,25.83,26.635,25.83,26.58,4628188.0
2022-07-05,DOC,26.34,26.46,25.575,26.35,5712536.0
2022-07-06,DOC,26.51,26.875,26.31,26.52,4657523.0
2022-07-07,DOC,26.59,26.82,26.32,26.4,3345370.0
2022-07-08,DOC,26.48,26.69,26.16,26.22,3579394.0
2022-07-11,DOC,26.2,26.405,26.1075,26.29,2584523.0
2022-07-12,DOC,26.17,26.73,26.16,26.38,2798711.0
2022-07-13,DOC,26.08,26.25,25.68,25.96,2979326.0
2022-07-14,DOC,25.42,26.06,25.07,25.83,3311449.0
2022-07-15,DOC,26.27,26.405,25.83,26.22,3640923.0
2022-07-18,DOC,26.32,26.4967,25.915,26.0,2672895.0
2022-07-19,DOC,26.27,26.51,26.08,26.45,2558694.0
2022-07-20,DOC,26.4,26.78,26.25,26.32,2484211.0
2022-07-21,DOC,26.05,26.68,25.95,26.66,3444413.0
2022-07-22,DOC,26.91,27.125,26.63,26.8,3822984.0
2022-07-25,DOC,26.85,26.945,26.66,26.74,4126592.0
2022-07-26,DOC,26.75,26.9,26.49,26.75,4288703.0
2022-07-27,DOC,26.79,27.07,26.64,26.9,4353328.0
2022-07-28,DOC,27.0,27.62,26.94,27.49,7591884.0
2022-07-29,DOC,27.46,27.785,27.33,27.63,9588649.0
2022-08-01,DOC,27.49,27.735,27.325,27.55,4622867.0
2022-08-02,DOC,27.46,27.94,27.215,27.3,6013959.0
2022-08-03,DOC,27.44,27.73,26.89,26.94,7193708.0
2022-08-04,DOC,26.94,27.33,26.8,26.88,5509145.0
2022-08-05,DOC,26.53,26.65,26.09,26.51,3991718.0
2022-08-08,DOC,26.84,27.355,26.726,27.22,5927732.0
2022-08-09,DOC,27.24,27.68,27.01,27.58,7398483.0
2022-08-10,DOC,27.98,28.24,27.7,28.18,5860626.0
2022-08-11,DOC,28.3,28.41,27.65,27.79,3937486.0
2022-08-12,DOC,28.07,28.38,27.93,28.37,3503335.0
2022-08-15,DOC,28.42,28.43,28.13,28.22,2840459.0
2022-08-16,DOC,28.1,28.4299,28.04,28.25,3659928.0
2022-08-17,DOC,28.0,28.33,27.885,28.13,4088901.0
2022-08-18,DOC,28.12,28.37,27.83,28.11,3437240.0
2022-08-19,DOC,28.04,28.13,27.7,27.82,4193842.0
2022-08-22,DOC,27.62,27.87,27.5,27.81,4342172.0
2022-08-23,DOC,27.8,27.96,26.76,26.93,4452182.0
2022-08-24,DOC,26.83,27.345,26.83,27.09,2749063.0
2022-08-25,DOC,27.27,27.43,27.1,27.41,2126769.0
2022-08-26,DOC,27.51,27.52,26.8,26.83,2669649.0
2022-08-29,DOC,26.72,26.95,26.51,26.72,2263132.0
2022-08-30,DOC,26.84,26.93,26.24,26.29,2114491.0
2022-08-31,DOC,26.58,26.715,26.11,26.25,7520180.0
2022-09-01,DOC,26.175,26.3,25.815,26.29,4796195.0
2022-09-02,DOC,26.56,26.62,25.795,25.86,4119422.0
2022-09-06,DOC,26.03,26.21,25.87,26.17,2848344.0
2022-09-07,DOC,26.24,26.81,26.165,26.79,2259186.0
2022-09-08,DOC,26.56,26.97,26.45,26.66,2918034.0
2022-09-09,DOC,26.76,27.385,26.48,27.36,3790452.0
2022-09-12,DOC,27.51,27.64,27.36,27.54,2353363.0
2022-09-13,DOC,27.07,27.255,26.68,26.79,3860151.0
2022-09-14,DOC,26.64,26.72,26.15,26.42,4265985.0
2022-09-15,DOC,26.47,26.5,25.68,25.7,3442309.0
2022-09-16,DOC,25.63,25.79,25.34,25.72,11181446.0
2022-09-19,DOC,25.49,25.57,24.97,25.41,3585107.0
2022-09-20,DOC,25.08,25.17,24.485,24.66,5375609.0
2022-09-21,DOC,24.86,25.17,24.43,24.44,3357826.0
2022-09-22,DOC,24.37,24.71,24.04,24.55,4243575.0
2022-09-23,DOC,24.29,24.605,23.925,24.28,4308247.0
2022-09-26,DOC,24.14,24.14,23.11,23.44,4749036.0
2022-09-27,DOC,23.61,23.7,22.66,22.8,4327472.0
2022-09-28,DOC,23.16,23.77,22.93,23.34,9128901.0
2022-09-29,DOC,23.1,23.14,22.445,22.58,7536907.0
2022-09-30,DOC,22.92,23.1,22.58,22.92,9617190.0
2022-10-03,DOC,23.18,23.87,22.845,23.76,7938726.0
2022-10-04,DOC,23.89,24.495,23.675,23.88,7536200.0
2022-10-05,DOC,23.47,23.53,22.885,23.29,4766714.0
2022-10-06,DOC,23.21,23.34,22.56,22.59,4485095.0
2022-10-07,DOC,22.2,22.43,21.79,21.9,5677946.0
2022-10-10,DOC,21.99,22.15,21.61,21.61,4690630.0
2022-10-11,DOC,21.67,22.3,21.41,22.2,7441967.0
2022-10-12,DOC,22.21,22.28,21.825,22.16,3564145.0
2022-10-13,DOC,21.66,22.855,21.5,22.73,5648421.0
2022-10-14,DOC,23.12,23.26,22.22,22.27,5006501.0
2022-10-17,DOC,22.7,23.035,22.61,22.85,4225003.0
2022-10-18,DOC,23.18,23.44,23.01,23.16,5042501.0
2022-10-19,DOC,22.86,23.135,22.525,22.56,4471413.0
2022-10-20,DOC,22.62,22.86,22.315,22.45,4391886.0
2022-10-21,DOC,22.5,22.555,22.05,22.44,5708459.0
2022-10-24,DOC,22.73,22.84,22.03,22.23,5326742.0
2022-10-25,DOC,22.38,23.1,22.3,23.04,7914099.0
2022-10-26,DOC,23.09,23.36,22.78,23.0,6656860.0
2022-10-27,DOC,23.25,23.51,22.93,23.07,4205201.0
2022-10-28,DOC,22.99,23.81,22.89,23.77,4121674.0
2022-10-31,DOC,23.67,23.92,23.57,23.73,5719110.0
2022-11-01,DOC,23.83,23.84,23.51,23.8,5135026.0
2022-11-02,DOC,24.76,25.0,23.58,23.65,6853202.0
2022-11-03,DOC,23.36,24.18,23.12,23.99,6339557.0
2022-11-04,DOC,23.95,24.48,23.605,24.01,6020000.0
2022-11-07,DOC,24.12,24.35,23.935,24.2,4649008.0
2022-11-08,DOC,24.32,24.63,24.01,24.17,3261378.0
2022-11-09,DOC,24.02,24.39,23.85,23.9,2270260.0
2022-11-10,DOC,24.67,25.38,24.49,25.35,5445045.0
2022-11-11,DOC,25.5,25.64,25.16,25.42,4526196.0
2022-11-14,DOC,25.3,25.415,24.75,24.76,4410822.0
2022-11-15,DOC,25.22,25.35,24.93,25.2,3845392.0
2022-11-16,DOC,25.06,25.18,24.49,24.57,3599490.0
2022-11-17,DOC,24.23,24.43,23.97,24.4,2935428.0
2022-11-18,DOC,24.78,24.85,24.175,24.65,8614513.0
2022-11-21,DOC,24.83,25.22,24.7,25.19,3405375.0
2022-11-22,DOC,25.24,25.435,25.13,25.4,2850151.0
2022-11-23,DOC,25.34,25.53,25.09,25.26,2124368.0
2022-11-25,DOC,25.29,25.5,25.255,25.46,1308942.0
2022-11-28,DOC,25.34,25.59,24.78,24.82,2848541.0
2022-11-29,DOC,24.83,25.705,24.74,25.64,2855054.0
2022-11-30,DOC,25.54,26.26,25.39,26.26,8213138.0
2022-12-01,DOC,26.51,26.7,26.005,26.15,3152405.0
2022-12-02,DOC,25.98,26.295,25.82,26.18,3059381.0
2022-12-05,DOC,26.01,26.255,25.81,26.03,4339856.0
2022-12-06,DOC,26.12,26.245,25.675,25.81,5250330.0
2022-12-07,DOC,25.61,25.77,25.305,25.35,3664741.0
2022-12-08,DOC,25.4,25.79,25.3501,25.52,3652743.0
2022-12-08,DOC,25.4,25.79,25.3501,25.52,3652743.0
2022-12-09,DOC,25.49,25.67,25.32,25.35,2787038.0
2022-12-09,DOC,25.49,25.67,25.32,25.35,2787038.0
2022-12-12,DOC,25.41,25.52,25.075,25.3,4518661.0
2022-12-12,DOC,25.41,25.52,25.075,25.3,4518661.0
2022-12-13,DOC,26.1,26.15,25.09,25.63,5264217.0
2022-12-13,DOC,26.1,26.15,25.09,25.63,5264217.0
2022-12-14,DOC,25.37,25.845,25.22,25.49,3419904.0
2022-12-14,DOC,25.37,25.845,25.22,25.49,3419904.0
2022-12-15,DOC,25.28,25.65,25.19,25.5,3932571.0
2022-12-15,DOC,25.28,25.65,25.19,25.5,3932571.0
2022-12-16,DOC,25.1,25.345,24.74,25.15,8589904.0
2022-12-16,DOC,25.1,25.345,24.74,25.15,8589904.0
2022-12-19,DOC,25.17,25.29,24.72,24.9,3937756.0
2022-12-19,DOC,25.17,25.29,24.72,24.9,3937756.0
2022-12-20,DOC,24.79,24.945,24.59,24.74,2369353.0
2022-12-20,DOC,24.79,24.945,24.59,24.74,2369353.0
2022-12-21,DOC,24.91,25.375,24.91,25.03,3774588.0
2022-12-21,DOC,24.91,25.375,24.91,25.03,3774588.0
2022-12-22,DOC,24.89,25.075,24.4,24.93,2663115.0
2022-12-22,DOC,24.89,25.075,24.4,24.93,2663115.0
2022-12-23,DOC,24.85,25.21,24.73,25.17,2015745.0
2022-12-23,DOC,24.85,25.21,24.73,25.17,2015745.0
2022-12-27,DOC,25.16,25.39,24.99,25.31,2541286.0
2022-12-27,DOC,25.16,25.39,24.99,25.31,2541286.0
2022-12-28,DOC,25.41,25.49,24.66,24.71,3923004.0
2022-12-28,DOC,25.41,25.49,24.66,24.71,3923004.0
2022-12-29,DOC,24.87,25.24,24.78,25.2,2822527.0
2022-12-29,DOC,24.87,25.24,24.78,25.2,2822527.0
2022-12-30,DOC,25.08,25.185,24.775,25.07,2657247.0
2022-12-30,DOC,25.08,25.185,24.775,25.07,2657247.0
2023-01-03,DOC,25.8,25.87,25.18,25.44,4516436.0
2023-01-03,DOC,25.8,25.87,25.18,25.44,4516436.0
2023-01-04,DOC,25.63,26.48,25.59,26.39,4677811.0
2023-01-04,DOC,25.63,26.48,25.59,26.39,4677811.0
2023-01-05,DOC,26.04,26.185,25.62,25.96,2825322.0
2023-01-05,DOC,26.04,26.185,25.62,25.96,2825322.0
2023-01-06,DOC,26.15,26.9,26.14,26.74,3654255.0
2023-01-06,DOC,26.15,26.9,26.14,26.74,3654255.0
2023-01-09,DOC,26.64,26.74,26.27,26.27,3552727.0
2023-01-09,DOC,26.64,26.74,26.27,26.27,3552727.0
2023-01-10,DOC,26.12,26.235,25.905,26.15,2429548.0
2023-01-10,DOC,26.12,26.235,25.905,26.15,2429548.0
2023-01-11,DOC,26.33,27.12,26.33,27.08,3386697.0
2023-01-11,DOC,26.33,27.12,26.33,27.08,3386697.0
2023-01-12,DOC,27.19,27.38,26.87,27.32,2408843.0
2023-01-12,DOC,27.19,27.38,26.87,27.32,2408843.0
2023-01-13,DOC,27.04,27.325,26.985,27.05,2387665.0
2023-01-13,DOC,27.04,27.325,26.985,27.05,2387665.0
2023-01-17,DOC,27.17,27.23,26.94,27.02,3375528.0
2023-01-17,DOC,27.17,27.23,26.94,27.02,3375528.0
2023-01-18,DOC,27.12,27.28,26.7079,26.74,3433990.0
2023-01-18,DOC,27.12,27.28,26.7079,26.74,3433990.0
2023-01-19,DOC,26.62,26.855,26.53,26.61,2421856.0
2023-01-19,DOC,26.62,26.855,26.53,26.61,2421856.0
2023-01-20,DOC,26.6,26.86,26.44,26.85,3583599.0
2023-01-20,DOC,26.6,26.86,26.44,26.85,3583599.0
2023-01-23,DOC,26.85,27.42,26.725,27.31,1925151.0
2023-01-23,DOC,26.85,27.42,26.725,27.31,1925151.0
2023-01-24,DOC,27.41,27.44,27.04,27.2,2107693.0
2023-01-24,DOC,27.41,27.44,27.04,27.2,2107693.0
2023-01-25,DOC,27.13,27.17,26.8,27.08,2015544.0
2023-01-25,DOC,27.13,27.17,26.8,27.08,2015544.0
2023-01-26,DOC,27.21,27.31,26.705,27.29,3157799.0
2023-01-26,DOC,27.21,27.31,26.705,27.29,3157799.0
2023-01-27,DOC,27.26,27.66,27.25,27.53,3452255.0
2023-01-27,DOC,27.26,27.66,27.25,27.53,3452255.0
2023-01-30,DOC,27.33,27.5794,27.13,27.14,2351513.0
2023-01-30,DOC,27.33,27.5794,27.13,27.14,2351513.0
2023-01-31,DOC,27.09,27.48,27.05,27.48,5344427.0
2023-01-31,DOC,27.09,27.48,27.05,27.48,5344427.0
2023-02-01,DOC,27.42,27.545,26.97,27.42,4025061.0
2023-02-01,DOC,27.42,27.545,26.97,27.42,4025061.0
2023-02-02,DOC,27.6,28.43,27.6,28.24,4111775.0
2023-02-02,DOC,27.6,28.43,27.6,28.24,4111775.0
2023-02-03,DOC,27.79,27.99,27.24,27.63,3648780.0
2023-02-03,DOC,27.79,27.99,27.24,27.63,3648780.0
2023-02-06,DOC,27.27,27.47,27.06,27.42,3908350.0
2023-02-06,DOC,27.27,27.47,27.06,27.42,3908350.0
2023-02-07,DOC,27.21,27.46,26.88,27.23,5291873.0
2023-02-07,DOC,27.21,27.46,26.88,27.23,5291873.0
2023-02-08,DOC,26.75,27.04,26.34,26.72,6739485.0
2023-02-08,DOC,26.75,27.04,26.34,26.72,6739485.0
2023-02-09,DOC,26.9,27.0,26.215,26.31,3456691.0
2023-02-09,DOC,26.9,27.0,26.215,26.31,3456691.0
2023-02-10,DOC,26.2,26.7,26.135,26.66,3215602.0
2023-02-10,DOC,26.2,26.7,26.135,26.66,3215602.0
2023-02-13,DOC,26.72,26.795,26.46,26.49,4258825.0
2023-02-13,DOC,26.72,26.795,26.46,26.49,4258825.0
2023-02-14,DOC,26.42,26.515,25.92,25.94,5032803.0
2023-02-14,DOC,26.42,26.515,25.92,25.94,5032803.0
2023-02-15,DOC,25.78,26.13,25.75,26.05,4924040.0
2023-02-15,DOC,25.78,26.13,25.75,26.05,4924040.0
2023-02-16,DOC,25.69,26.24,25.19,25.96,5302940.0
2023-02-16,DOC,25.69,26.24,25.19,25.96,5302940.0
2023-02-17,DOC,25.98,26.23,25.62,26.13,3253562.0
2023-02-17,DOC,25.98,26.23,25.62,26.13,3253562.0
2023-02-21,DOC,25.96,25.98,25.51,25.6,3447954.0
2023-02-21,DOC,25.96,25.98,25.51,25.6,3447954.0
2023-02-22,DOC,25.73,25.78,24.98,25.09,3655584.0
2023-02-22,DOC,25.73,25.78,24.98,25.09,3655584.0
2023-02-23,DOC,25.2,25.33,24.78,25.05,3342253.0
2023-02-23,DOC,25.2,25.33,24.78,25.05,3342253.0
2023-02-24,DOC,24.63,24.81,24.45,24.55,2932702.0
2023-02-24,DOC,24.63,24.81,24.45,24.55,2932702.0
2023-02-27,DOC,24.92,24.965,24.135,24.33,5522688.0
2023-02-27,DOC,24.92,24.965,24.135,24.33,5522688.0
2023-02-28,DOC,24.35,24.51,24.03,24.06,8376038.0
2023-02-28,DOC,24.35,24.51,24.03,24.06,8376038.0
2023-03-01,DOC,24.05,24.05,23.38,23.64,5966573.0
2023-03-01,DOC,24.05,24.05,23.38,23.64,5966573.0
2023-03-02,DOC,23.44,23.91,23.44,23.8,4575324.0
2023-03-02,DOC,23.44,23.91,23.44,23.8,4575324.0
2023-03-03,DOC,24.2,24.4,24.07,24.28,4375556.0
2023-03-03,DOC,24.2,24.4,24.07,24.28,4375556.0
2023-03-06,DOC,24.35,24.46,24.135,24.19,2166707.0
2023-03-06,DOC,24.35,24.46,24.135,24.19,2166707.0
2023-03-07,DOC,24.18,24.24,23.19,23.33,4459361.0
2023-03-07,DOC,24.18,24.24,23.19,23.33,4459361.0
2023-03-08,DOC,23.36,23.76,23.31,23.51,4368844.0
2023-03-08,DOC,23.36,23.76,23.31,23.51,4368844.0
2023-03-09,DOC,23.52,23.56,22.89,22.95,3793613.0
2023-03-09,DOC,23.52,23.56,22.89,22.95,3793613.0
2023-03-10,DOC,23.45,23.45,21.38,21.42,6701268.0
2023-03-10,DOC,23.45,23.45,21.38,21.42,6701268.0
2023-03-13,DOC,21.23,21.7025,21.09,21.47,10597704.0
2023-03-13,DOC,21.23,21.7025,21.09,21.47,10597704.0
2023-03-14,DOC,21.86,21.97,21.335,21.56,8667791.0
2023-03-14,DOC,21.86,21.97,21.335,21.56,8667791.0
2023-03-15,DOC,21.21,21.61,21.075,21.53,6340720.0
2023-03-15,DOC,21.21,21.61,21.075,21.53,6340720.0
2023-03-16,DOC,21.405,21.56,21.01,21.39,6432951.0
2023-03-16,DOC,21.405,21.56,21.01,21.39,6432951.0
2023-03-17,DOC,21.47,21.5,20.61,20.74,12679275.0
2023-03-17,DOC,21.47,21.5,20.61,20.74,12679275.0
2023-03-20,DOC,20.88,21.08,20.705,21.0,7391454.0
2023-03-20,DOC,20.88,21.08,20.705,21.0,7391454.0
2023-03-21,DOC,21.2,21.2,20.75,20.9,4847279.0
2023-03-21,DOC,21.2,21.2,20.75,20.9,4847279.0
2023-03-22,DOC,20.75,20.86,20.21,20.23,5927032.0
2023-03-22,DOC,20.75,20.86,20.21,20.23,5927032.0
2023-03-23,DOC,20.29,20.635,20.21,20.3,5702131.0
2023-03-23,DOC,20.29,20.635,20.21,20.3,5702131.0
2023-03-24,DOC,20.27,20.92,20.27,20.91,5073246.0
2023-03-24,DOC,20.27,20.92,20.27,20.91,5073246.0
2023-03-27,DOC,21.0,21.09,20.67,20.81,4683629.0
2023-03-27,DOC,21.0,21.09,20.67,20.81,4683629.0
2023-03-28,DOC,20.61,20.92,20.59,20.88,3080385.0
2023-03-28,DOC,20.61,20.92,20.59,20.88,3080385.0
2023-03-29,DOC,21.09,21.43,21.09,21.36,3599825.0
2023-03-29,DOC,21.09,21.43,21.09,21.36,3599825.0
2023-03-30,DOC,21.58,21.86,21.555,21.69,4560575.0
2023-03-30,DOC,21.58,21.86,21.555,21.69,4560575.0
2023-03-31,DOC,21.61,21.98,21.42,21.97,7372936.0
2023-03-31,DOC,21.61,21.98,21.42,21.97,7372936.0
2023-04-03,DOC,21.98,22.1975,21.585,21.72,6696578.0
2023-04-03,DOC,21.98,22.1975,21.585,21.72,6696578.0
2023-04-04,DOC,21.8,21.85,21.42,21.68,4439022.0
2023-04-04,DOC,21.8,21.85,21.42,21.68,4439022.0
2023-04-05,DOC,21.56,21.86,21.36,21.48,3977386.0
2023-04-05,DOC,21.56,21.86,21.36,21.48,3977386.0
2023-04-06,DOC,21.23,21.545,21.12,21.44,5381346.0
2023-04-06,DOC,21.23,21.545,21.12,21.44,5381346.0
2023-04-10,DOC,21.33,21.68,21.24,21.68,4354749.0
2023-04-10,DOC,21.33,21.68,21.24,21.68,4354749.0
2023-04-11,DOC,21.78,22.12,21.64,21.99,3657610.0
2023-04-11,DOC,21.78,22.12,21.64,21.99,3657610.0
2023-04-12,DOC,22.18,22.19,21.49,21.53,3923644.0
2023-04-12,DOC,22.18,22.19,21.49,21.53,3923644.0
2023-04-13,DOC,21.48,21.54,21.14,21.46,3717095.0
2023-04-13,DOC,21.48,21.54,21.14,21.46,3717095.0
2023-04-14,DOC,21.55,21.59,20.9,21.01,3248270.0
2023-04-14,DOC,21.55,21.59,20.9,21.01,3248270.0
2023-04-17,DOC,21.07,21.51,21.03,21.5,4283717.0
2023-04-17,DOC,21.07,21.51,21.03,21.5,4283717.0
2023-04-18,DOC,21.4,21.42,21.1,21.21,2879075.0
2023-04-18,DOC,21.4,21.42,21.1,21.21,2879075.0
2023-04-19,DOC,21.05,21.4,20.96,21.37,3298879.0
2023-04-19,DOC,21.05,21.4,20.96,21.37,3298879.0
2023-04-20,DOC,21.31,21.33,20.97,21.06,3885535.0
2023-04-20,DOC,21.31,21.33,20.97,21.06,3885535.0
2023-04-21,DOC,21.15,21.24,20.84,21.13,2679406.0
2023-04-21,DOC,21.15,21.24,20.84,21.13,2679406.0
2023-04-24,DOC,21.25,21.28,21.06,21.2,3082822.0
2023-04-24,DOC,21.25,21.28,21.06,21.2,3082822.0
2023-04-25,DOC,21.1,21.23,21.02,21.11,3385529.0
2023-04-25,DOC,21.1,21.23,21.02,21.11,3385529.0
2023-04-26,DOC,21.02,21.205,20.75,20.77,3198136.0
2023-04-26,DOC,21.02,21.205,20.75,20.77,3198136.0
2023-04-27,DOC,20.78,21.24,20.74,21.21,5964930.0
2023-04-27,DOC,20.78,21.24,20.74,21.21,5964930.0
2023-04-28,DOC,21.63,22.01,21.3,21.97,3384632.0
2023-04-28,DOC,21.63,22.01,21.3,21.97,3384632.0
2023-05-01,DOC,21.94,22.075,21.605,21.64,4970991.0
2023-05-01,DOC,21.94,22.075,21.605,21.64,4970991.0
2023-05-02,DOC,21.6,21.6396,21.03,21.18,5265736.0
2023-05-02,DOC,21.6,21.6396,21.03,21.18,5265736.0
2023-05-03,DOC,21.45,21.65,21.07,21.28,6226299.0
2023-05-03,DOC,21.45,21.65,21.07,21.28,6226299.0
2023-05-04,DOC,21.2,21.495,20.939,21.38,4204177.0
2023-05-04,DOC,21.2,21.495,20.939,21.38,4204177.0
2023-05-05,DOC,21.24,21.525,21.19,21.48,4279204.0
2023-05-05,DOC,21.24,21.525,21.19,21.48,4279204.0
2023-05-08,DOC,21.22,21.395,21.12,21.22,2418791.0
2023-05-08,DOC,21.22,21.395,21.12,21.22,2418791.0
2023-05-09,DOC,21.03,21.2,20.735,21.06,2997943.0
2023-05-09,DOC,21.03,21.2,20.735,21.06,2997943.0
2023-05-10,DOC,21.26,21.31,20.9,21.08,3870978.0
2023-05-10,DOC,21.26,21.31,20.9,21.08,3870978.0
2023-05-11,DOC,20.87,21.1,20.77,21.08,3144027.0
2023-05-11,DOC,20.87,21.1,20.77,21.08,3144027.0
2023-05-12,DOC,21.19,21.24,20.8213,20.97,2465871.0
2023-05-12,DOC,21.19,21.24,20.8213,20.97,2465871.0
2023-05-15,DOC,21.07,21.26,20.905,20.94,3750828.0
2023-05-15,DOC,21.07,21.26,20.905,20.94,3750828.0
2023-05-16,DOC,20.93,20.98,20.28,20.28,4507233.0
2023-05-16,DOC,20.93,20.98,20.28,20.28,4507233.0
2023-05-17,DOC,20.32,20.45,20.17,20.41,3418474.0
2023-05-17,DOC,20.32,20.45,20.17,20.41,3418474.0
2023-05-18,DOC,20.26,20.43,20.08,20.2,3396954.0
2023-05-18,DOC,20.26,20.43,20.08,20.2,3396954.0
2023-05-19,DOC,20.37,20.42,19.755,19.9,3742303.0
2023-05-19,DOC,20.37,20.42,19.755,19.9,3742303.0
2023-05-22,DOC,19.935,20.18,19.68,20.1,4294702.0
2023-05-22,DOC,19.935,20.18,19.68,20.1,4294702.0
2023-05-23,DOC,20.06,20.595,20.04,20.15,4554292.0
2023-05-23,DOC,20.06,20.595,20.04,20.15,4554292.0
2023-05-24,DOC,20.11,20.21,19.61,19.64,4145889.0
2023-05-24,DOC,20.11,20.21,19.61,19.64,4145889.0
2023-05-25,DOC,19.58,19.63,19.1801,19.28,5696953.0
2023-05-25,DOC,19.58,19.63,19.1801,19.28,5696953.0
2023-05-26,DOC,19.36,19.57,19.085,19.47,3991361.0
2023-05-26,DOC,19.36,19.57,19.085,19.47,3991361.0
2023-05-30,DOC,19.57,19.99,19.55,19.92,6295524.0
2023-05-30,DOC,19.57,19.99,19.55,19.92,6295524.0
2023-05-31,DOC,19.96,20.1,19.87,19.96,15149714.0
2023-05-31,DOC,19.96,20.1,19.87,19.96,15149714.0
2023-06-01,DOC,19.93,20.21,19.62,20.14,3862062.0
2023-06-01,DOC,19.93,20.21,19.62,20.14,3862062.0
2023-06-02,DOC,20.41,20.84,20.3,20.72,4273017.0
2023-06-02,DOC,20.41,20.84,20.3,20.72,4273017.0
2023-06-05,DOC,20.72,20.9,20.51,20.57,3564638.0
2023-06-05,DOC,20.72,20.9,20.51,20.57,3564638.0
2023-06-06,DOC,20.66,21.25,20.56,21.18,3476618.0
2023-06-06,DOC,20.66,21.25,20.56,21.18,3476618.0
2023-06-07,DOC,21.33,21.49,21.09,21.34,3988280.0
2023-06-07,DOC,21.33,21.49,21.09,21.34,3988280.0
2023-06-08,DOC,21.16,21.18,20.71,20.93,3918273.0
2023-06-08,DOC,21.16,21.18,20.71,20.93,3918273.0
2023-06-09,DOC,20.89,20.925,20.6,20.69,5535058.0
2023-06-09,DOC,20.89,20.925,20.6,20.69,5535058.0
2023-06-12,DOC,20.72,20.85,20.49,20.75,5623727.0
2023-06-12,DOC,20.72,20.85,20.49,20.75,5623727.0
2023-06-13,DOC,20.75,20.98,20.655,20.8,5410500.0
2023-06-13,DOC,20.75,20.98,20.655,20.8,5410500.0
2023-06-14,DOC,20.98,21.06,20.55,20.7,5280424.0
2023-06-14,DOC,20.98,21.06,20.55,20.7,5280424.0
2023-06-15,DOC,20.7,20.77,20.47,20.76,5339825.0
2023-06-15,DOC,20.7,20.77,20.47,20.76,5339825.0
2023-06-16,DOC,20.85,20.975,20.505,20.67,7156195.0
2023-06-16,DOC,20.85,20.975,20.505,20.67,7156195.0
2023-06-20,DOC,20.48,20.54,20.0864,20.18,4276379.0
2023-06-20,DOC,20.48,20.54,20.0864,20.18,4276379.0
2023-06-21,DOC,20.01,20.18,19.745,19.87,4974849.0
2023-06-21,DOC,20.01,20.18,19.745,19.87,4974849.0
2023-06-22,DOC,19.89,19.95,19.22,19.54,6058225.0
2023-06-22,DOC,19.89,19.95,19.22,19.54,6058225.0
2023-06-23,DOC,19.42,19.57,19.215,19.27,8421140.0
2023-06-23,DOC,19.42,19.57,19.215,19.27,8421140.0
2023-06-26,DOC,19.22,19.9,19.22,19.87,5970650.0
2023-06-26,DOC,19.22,19.9,19.22,19.87,5970650.0
2023-06-27,DOC,19.96,20.19,19.66,20.15,5801585.0
2023-06-27,DOC,19.96,20.19,19.66,20.15,5801585.0
2023-06-28,DOC,20.09,20.09,19.7,19.82,5795679.0
2023-06-28,DOC,20.09,20.09,19.7,19.82,5795679.0
2023-06-29,DOC,19.73,20.09,19.63,19.98,5346872.0
2023-06-29,DOC,19.73,20.09,19.63,19.98,5346872.0
2023-06-30,DOC,20.16,20.22,19.82,20.1,6004890.0
2023-06-30,DOC,20.16,20.22,19.82,20.1,6004890.0
2023-07-03,DOC,20.17,20.59,20.12,20.58,2817668.0
2023-07-03,DOC,20.17,20.59,20.12,20.58,2817668.0
2023-07-05,DOC,20.54,20.91,20.34,20.77,4713471.0
2023-07-05,DOC,20.54,20.91,20.34,20.77,4713471.0
2023-07-06,DOC,20.51,20.84,20.085,20.72,4686336.0
2023-07-06,DOC,20.51,20.84,20.085,20.72,4686336.0
2023-07-07,DOC,20.59,20.83,20.53,20.55,3158079.0
2023-07-07,DOC,20.59,20.83,20.53,20.55,3158079.0
2023-07-10,DOC,20.42,20.67,20.275,20.59,3134780.0
2023-07-10,DOC,20.42,20.67,20.275,20.59,3134780.0
2023-07-11,DOC,20.66,21.11,20.64,21.1,3690129.0
2023-07-11,DOC,20.66,21.11,20.64,21.1,3690129.0
2023-07-12,DOC,21.31,21.5775,20.96,20.97,5325479.0
2023-07-12,DOC,21.31,21.5775,20.96,20.97,5325479.0
2023-07-13,DOC,20.96,21.39,20.87,21.38,3914608.0
2023-07-13,DOC,20.96,21.39,20.87,21.38,3914608.0
2023-07-14,DOC,21.28,21.5,21.14,21.4,5228064.0
2023-07-14,DOC,21.28,21.5,21.14,21.4,5228064.0
2023-07-17,DOC,21.28,21.39,21.01,21.17,4771977.0
2023-07-17,DOC,21.28,21.39,21.01,21.17,4771977.0
2023-07-18,DOC,21.26,21.28,20.6801,20.9,3277902.0
2023-07-18,DOC,21.26,21.28,20.6801,20.9,3277902.0
2023-07-19,DOC,21.12,21.47,21.03,21.42,3283858.0
2023-07-19,DOC,21.12,21.47,21.03,21.42,3283858.0
2023-07-20,DOC,21.47,21.68,21.06,21.65,3327523.0
2023-07-20,DOC,21.47,21.68,21.06,21.65,3327523.0
2023-07-21,DOC,21.67,21.88,21.53,21.75,3120731.0
2023-07-21,DOC,21.67,21.88,21.53,21.75,3120731.0
2023-07-24,DOC,21.77,22.185,21.71,22.12,4165474.0
2023-07-24,DOC,21.77,22.185,21.71,22.12,4165474.0
2023-07-25,DOC,22.11,22.21,22.0,22.01,4018115.0
2023-07-25,DOC,22.11,22.21,22.0,22.01,4018115.0
2023-07-26,DOC,21.96,22.31,21.94,22.21,3326764.0
2023-07-26,DOC,21.96,22.31,21.94,22.21,3326764.0
2023-07-27,DOC,22.25,22.37,21.82,21.82,5730816.0
2023-07-27,DOC,22.25,22.37,21.82,21.82,5730816.0
2023-07-28,DOC,22.3,22.38,21.645,21.73,5508838.0
2023-07-28,DOC,22.3,22.38,21.645,21.73,5508838.0
2023-07-31,DOC,21.73,22.125,21.725,21.83,7388192.0
2023-07-31,DOC,21.73,22.125,21.725,21.83,7388192.0
2023-08-01,DOC,21.77,21.985,21.58,21.69,4635114.0
2023-08-01,DOC,21.77,21.985,21.58,21.69,4635114.0
2023-08-02,DOC,21.63,21.76,21.34,21.61,3220569.0
2023-08-02,DOC,21.63,21.76,21.34,21.61,3220569.0
2023-08-03,DOC,21.5,21.53,21.0115,21.52,3549304.0
2023-08-03,DOC,21.5,21.53,21.0115,21.52,3549304.0
2023-08-04,DOC,21.18,21.49,21.09,21.23,2530501.0
2023-08-04,DOC,21.18,21.49,21.09,21.23,2530501.0
2023-08-07,DOC,21.22,21.53,21.22,21.49,3083318.0
2023-08-07,DOC,21.22,21.53,21.22,21.49,3083318.0
2023-08-08,DOC,21.29,21.315,20.83,21.06,3533389.0
2023-08-08,DOC,21.29,21.315,20.83,21.06,3533389.0
2023-08-09,DOC,21.06,21.33,20.9,21.16,2714905.0
2023-08-09,DOC,21.06,21.33,20.9,21.16,2714905.0
2023-08-10,DOC,21.25,21.36,20.88,20.94,2682629.0
2023-08-10,DOC,21.25,21.36,20.88,20.94,2682629.0
2023-08-11,DOC,20.82,21.06,20.8,20.9,2608673.0
2023-08-11,DOC,20.82,21.06,20.8,20.9,2608673.0
2023-08-14,DOC,20.77,20.86,20.565,20.65,2679148.0
2023-08-14,DOC,20.77,20.86,20.565,20.65,2679148.0
2023-08-15,DOC,20.44,20.525,20.225,20.33,2676921.0
2023-08-15,DOC,20.44,20.525,20.225,20.33,2676921.0
2023-08-16,DOC,20.37,20.425,20.17,20.24,2904828.0
2023-08-16,DOC,20.37,20.425,20.17,20.24,2904828.0
2023-08-17,DOC,20.29,20.51,20.18,20.28,2855033.0
2023-08-17,DOC,20.29,20.51,20.18,20.28,2855033.0
2023-08-18,DOC,20.09,20.27,20.01,20.09,2863126.0
2023-08-18,DOC,20.09,20.27,20.01,20.09,2863126.0
2023-08-21,DOC,20.0,20.01,19.755,19.87,3130648.0
2023-08-21,DOC,20.0,20.01,19.755,19.87,3130648.0
2023-08-22,DOC,19.95,19.97,19.765,19.83,2464286.0
2023-08-22,DOC,19.95,19.97,19.765,19.83,2464286.0
2023-08-23,DOC,19.94,20.27,19.82,20.25,2640390.0
2023-08-23,DOC,19.94,20.27,19.82,20.25,2640390.0
2023-08-24,DOC,20.28,20.5636,20.15,20.22,2696987.0
2023-08-24,DOC,20.28,20.5636,20.15,20.22,2696987.0
2023-08-25,DOC,20.24,20.43,20.17,20.23,1935947.0
2023-08-25,DOC,20.24,20.43,20.17,20.23,1935947.0
2023-08-28,DOC,20.28,20.595,20.28,20.38,1951125.0
2023-08-28,DOC,20.28,20.595,20.28,20.38,1951125.0
2023-08-29,DOC,20.44,20.54,20.3,20.47,2296315.0
2023-08-29,DOC,20.44,20.54,20.3,20.47,2296315.0
2023-08-30,DOC,20.51,20.705,20.365,20.69,3394286.0
2023-08-30,DOC,20.51,20.705,20.365,20.69,3394286.0
2023-08-31,DOC,20.69,20.74,20.55,20.58,5118651.0
2023-08-31,DOC,20.69,20.74,20.55,20.58,5118651.0
2023-09-01,DOC,20.69,20.83,20.5212,20.65,2393104.0
2023-09-01,DOC,20.69,20.83,20.5212,20.65,2393104.0
2023-09-05,DOC,20.66,20.85,20.39,20.4,4226847.0
2023-09-05,DOC,20.66,20.85,20.39,20.4,4226847.0
2023-09-06,DOC,20.35,20.46,20.22,20.41,2420118.0
2023-09-06,DOC,20.35,20.46,20.22,20.41,2420118.0
2023-09-07,DOC,20.33,20.4,20.09,20.13,2985660.0
2023-09-07,DOC,20.33,20.4,20.09,20.13,2985660.0
2023-09-08,DOC,20.16,20.24,19.985,20.02,2472461.0
2023-09-08,DOC,20.16,20.24,19.985,20.02,2472461.0
2023-09-11,DOC,20.06,20.13,19.75,19.76,3273983.0
2023-09-11,DOC,20.06,20.13,19.75,19.76,3273983.0
2023-09-12,DOC,19.73,19.99,19.5816,19.93,3656319.0
2023-09-12,DOC,19.73,19.99,19.5816,19.93,3656319.0
2023-09-13,DOC,20.05,20.07,19.845,19.86,3324578.0
2023-09-13,DOC,20.05,20.07,19.845,19.86,3324578.0
2023-09-14,DOC,20.05,20.41,20.0,20.37,3183280.0
2023-09-14,DOC,20.05,20.41,20.0,20.37,3183280.0
2023-09-15,DOC,20.29,20.46,20.19,20.39,8881916.0
2023-09-15,DOC,20.29,20.46,20.19,20.39,8881916.0
2023-09-18,DOC,20.32,20.38,19.86,19.88,3161542.0
2023-09-18,DOC,20.32,20.38,19.86,19.88,3161542.0
2023-09-19,DOC,19.86,20.06,19.82,19.94,2833582.0
2023-09-19,DOC,19.86,20.06,19.82,19.94,2833582.0
2023-09-20,DOC,20.13,20.21,19.87,19.9,3146786.0
2023-09-20,DOC,20.13,20.21,19.87,19.9,3146786.0
2023-09-21,DOC,19.76,19.78,19.05,19.06,5395934.0
2023-09-21,DOC,19.76,19.78,19.05,19.06,5395934.0
2023-09-22,DOC,19.04,19.22,18.82,18.83,4676744.0
2023-09-22,DOC,19.04,19.22,18.82,18.83,4676744.0
2023-09-25,DOC,18.74,18.82,18.61,18.72,4931332.0
2023-09-25,DOC,18.74,18.82,18.61,18.72,4931332.0
2023-09-26,DOC,18.51,18.675,18.3035,18.41,4901636.0
2023-09-26,DOC,18.51,18.675,18.3035,18.41,4901636.0
2023-09-27,DOC,18.44,18.565,18.04,18.05,5966345.0
2023-09-27,DOC,18.44,18.565,18.04,18.05,5966345.0
2023-09-28,DOC,18.16,18.245,18.01,18.06,5228778.0
2023-09-28,DOC,18.16,18.245,18.01,18.06,5228778.0
2023-09-29,DOC,18.34,18.66,18.24,18.36,4980807.0
2023-09-29,DOC,18.34,18.66,18.24,18.36,4980807.0
2023-10-02,DOC,18.26,18.4,17.72,17.81,4123460.0
2023-10-02,DOC,18.26,18.4,17.72,17.81,4123460.0
2023-10-03,DOC,17.68,17.76,17.225,17.32,5546641.0
2023-10-03,DOC,17.68,17.76,17.225,17.32,5546641.0
2023-10-04,DOC,17.4,17.49,17.13,17.49,3971589.0
2023-10-04,DOC,17.4,17.49,17.13,17.49,3971589.0
2023-10-05,DOC,17.43,17.475,17.2,17.39,3184172.0
2023-10-05,DOC,17.43,17.475,17.2,17.39,3184172.0
2023-10-06,DOC,17.16,17.39,16.89,17.27,4497654.0
2023-10-06,DOC,17.16,17.39,16.89,17.27,4497654.0
2023-10-09,DOC,17.15,17.5975,17.15,17.54,4071916.0
2023-10-09,DOC,17.15,17.5975,17.15,17.54,4071916.0
2023-10-10,DOC,17.64,18.03,17.49,17.92,5727610.0
2023-10-10,DOC,17.64,18.03,17.49,17.92,5727610.0
2023-10-11,DOC,17.97,18.155,17.87,18.14,3471488.0
2023-10-11,DOC,17.97,18.155,17.87,18.14,3471488.0
2023-10-12,DOC,17.97,17.97,17.46,17.54,4692945.0
2023-10-12,DOC,17.97,17.97,17.46,17.54,4692945.0
2023-10-13,DOC,17.62,17.67,17.29,17.39,3875220.0
2023-10-13,DOC,17.62,17.67,17.29,17.39,3875220.0
2023-10-16,DOC,17.5,17.59,17.21,17.52,5006759.0
2023-10-16,DOC,17.5,17.59,17.21,17.52,5006759.0
2023-10-17,DOC,17.37,17.78,17.3,17.41,4776239.0
2023-10-17,DOC,17.37,17.78,17.3,17.41,4776239.0
2023-10-18,DOC,17.27,17.31,16.98,17.01,3956803.0
2023-10-18,DOC,17.27,17.31,16.98,17.01,3956803.0
2023-10-19,DOC,16.94,17.14,16.62,16.68,5628807.0
2023-10-19,DOC,16.94,17.14,16.62,16.68,5628807.0
2023-10-20,DOC,16.82,16.915,16.62,16.62,4059871.0
2023-10-20,DOC,16.82,16.915,16.62,16.62,4059871.0
2023-10-23,DOC,16.45,16.68,16.345,16.5,5898282.0
2023-10-23,DOC,16.45,16.68,16.345,16.5,5898282.0
2023-10-24,DOC,16.54,16.99,16.45,16.96,6422723.0
2023-10-24,DOC,16.54,16.99,16.45,16.96,6422723.0
2023-10-25,DOC,16.8,16.85,16.38,16.4,4844525.0
2023-10-25,DOC,16.8,16.85,16.38,16.4,4844525.0
2023-10-26,DOC,16.53,16.915,16.52,16.74,4677811.0
2023-10-26,DOC,16.53,16.915,16.52,16.74,4677811.0
2023-10-27,DOC,16.85,16.85,16.34,16.42,3631938.0
2023-10-27,DOC,16.85,16.85,16.34,16.42,3631938.0
2023-10-30,DOC,16.61,16.74,15.51,15.98,15403385.0
2023-10-30,DOC,16.61,16.74,15.51,15.98,15403385.0
2023-10-31,DOC,16.16,16.2,15.24,15.55,12191757.0
2023-10-31,DOC,16.16,16.2,15.24,15.55,12191757.0
2023-11-01,DOC,15.67,15.67,15.295,15.58,9205001.0
2023-11-01,DOC,15.67,15.67,15.295,15.58,9205001.0
2023-11-02,DOC,15.93,16.88,15.925,16.83,9267031.0
2023-11-02,DOC,15.93,16.88,15.925,16.83,9267031.0
2023-11-03,DOC,17.22,17.395,17.0,17.21,6228094.0
2023-11-03,DOC,17.22,17.395,17.0,17.21,6228094.0
2023-11-06,DOC,16.86,17.06,16.675,16.77,6372345.0
2023-11-06,DOC,16.86,17.06,16.675,16.77,6372345.0
2023-11-07,DOC,16.65,16.6725,16.285,16.37,5122177.0
2023-11-07,DOC,16.65,16.6725,16.285,16.37,5122177.0
2023-11-08,DOC,16.41,16.535,16.34,16.49,3126623.0
2023-11-08,DOC,16.41,16.535,16.34,16.49,3126623.0
2023-11-09,DOC,16.56,16.56,15.67,15.73,6424278.0
2023-11-09,DOC,16.56,16.56,15.67,15.73,6424278.0
2023-11-10,DOC,15.9,16.01,15.59,15.94,5939909.0
2023-11-10,DOC,15.9,16.01,15.59,15.94,5939909.0
2023-11-13,DOC,15.73,15.81,15.435,15.57,6576770.0
2023-11-13,DOC,15.73,15.81,15.435,15.57,6576770.0
2023-11-14,DOC,16.23,17.18,16.09,16.94,6762710.0
2023-11-14,DOC,16.23,17.18,16.09,16.94,6762710.0
2023-11-15,DOC,16.85,17.315,16.85,16.95,6750115.0
2023-11-15,DOC,16.85,17.315,16.85,16.95,6750115.0
2023-11-16,DOC,17.0,17.09,16.55,16.55,5266424.0
2023-11-16,DOC,17.0,17.09,16.55,16.55,5266424.0
2023-11-17,DOC,16.77,16.8,16.37,16.47,7548804.0
2023-11-17,DOC,16.77,16.8,16.37,16.47,7548804.0
2023-11-20,DOC,16.5,16.64,16.24,16.64,5582690.0
2023-11-20,DOC,16.5,16.64,16.24,16.64,5582690.0
2023-11-21,DOC,16.4,16.53,16.2,16.37,4508609.0
2023-11-21,DOC,16.4,16.53,16.2,16.37,4508609.0
2023-11-22,DOC,16.6,16.67,16.43,16.63,5073311.0
2023-11-22,DOC,16.6,16.67,16.43,16.63,5073311.0
2023-11-24,DOC,16.53,16.73,16.425,16.65,1898850.0
2023-11-24,DOC,16.53,16.73,16.425,16.65,1898850.0
2023-11-27,DOC,16.58,16.7681,16.445,16.76,4044065.0
2023-11-27,DOC,16.58,16.7681,16.445,16.76,4044065.0
2023-11-28,DOC,16.65,17.06,16.48,17.02,3704766.0
2023-11-28,DOC,16.65,17.06,16.48,17.02,3704766.0
2023-11-29,DOC,17.23,17.61,17.0901,17.14,5388453.0
2023-11-29,DOC,17.23,17.61,17.0901,17.14,5388453.0
2023-11-30,DOC,17.26,17.445,17.03,17.32,9913033.0
2023-11-30,DOC,17.26,17.445,17.03,17.32,9913033.0
2023-12-01,DOC,17.28,18.22,17.22,18.2,6042941.0
2023-12-01,DOC,17.28,18.22,17.22,18.2,6042941.0
2023-12-04,DOC,18.11,18.5,18.09,18.47,6098327.0
2023-12-04,DOC,18.11,18.5,18.09,18.47,6098327.0
2023-12-05,DOC,18.36,18.47,18.22,18.36,6885531.0
2023-12-05,DOC,18.36,18.47,18.22,18.36,6885531.0
2023-12-06,DOC,18.47,18.76,18.3325,18.4,4313730.0
2023-12-06,DOC,18.47,18.76,18.3325,18.4,4313730.0
2023-12-07,DOC,18.36,18.8,18.23,18.77,6349020.0
2023-12-07,DOC,18.36,18.8,18.23,18.77,6349020.0
2023-12-08,DOC,18.65,18.83,18.55,18.75,6310199.0
2023-12-08,DOC,18.65,18.83,18.55,18.75,6310199.0
2023-12-11,DOC,18.65,18.885,18.57,18.77,6272478.0
2023-12-11,DOC,18.65,18.885,18.57,18.77,6272478.0
2023-12-12,DOC,18.87,18.87,18.28,18.34,4603748.0
2023-12-12,DOC,18.87,18.87,18.28,18.34,4603748.0
2023-12-13,DOC,18.26,19.29,18.11,19.19,6712254.0
2023-12-13,DOC,18.26,19.29,18.11,19.19,6712254.0
2023-12-14,DOC,19.75,20.375,19.51,20.12,6923937.0
2023-12-14,DOC,19.75,20.375,19.51,20.12,6923937.0
2023-12-15,DOC,20.01,20.14,19.325,19.55,10704649.0
2023-12-15,DOC,20.01,20.14,19.325,19.55,10704649.0
2023-12-18,DOC,19.66,19.685,19.36,19.49,5961155.0
2023-12-18,DOC,19.66,19.685,19.36,19.49,5961155.0
2023-12-19,DOC,19.61,19.87,19.45,19.82,4551629.0
2023-12-19,DOC,19.61,19.87,19.45,19.82,4551629.0
2023-12-20,DOC,19.71,20.05,19.45,19.46,4356245.0
2023-12-20,DOC,19.71,20.05,19.45,19.46,4356245.0
2023-12-21,DOC,19.65,19.65,19.09,19.4,5468371.0
2023-12-21,DOC,19.65,19.65,19.09,19.4,5468371.0
2023-12-22,DOC,19.43,19.78,19.32,19.7,5747875.0
2023-12-22,DOC,19.43,19.78,19.32,19.7,5747875.0
2023-12-26,DOC,19.74,20.07,19.6675,19.96,3155397.0
2023-12-26,DOC,19.74,20.07,19.6675,19.96,3155397.0
2023-12-27,DOC,20.05,20.13,19.855,20.02,3327373.0
2023-12-27,DOC,20.05,20.13,19.855,20.02,3327373.0
2023-12-28,DOC,19.9,20.18,19.9,20.18,2582244.0
2023-12-28,DOC,19.9,20.18,19.9,20.18,2582244.0
2023-12-29,DOC,20.01,20.18,19.79,19.8,3244366.0
2023-12-29,DOC,20.01,20.18,19.79,19.8,3244366.0
2024-01-02,DOC,19.79,20.215,19.55,20.03,3662681.0
2024-01-02,DOC,19.79,20.215,19.55,20.03,3662681.0
2024-01-03,DOC,19.74,19.845,19.37,19.58,3070094.0
2024-01-03,DOC,19.74,19.845,19.37,19.58,3070094.0
2024-01-04,DOC,19.58,19.82,19.45,19.66,3727926.0
2024-01-04,DOC,19.58,19.82,19.45,19.66,3727926.0
2024-01-05,DOC,19.46,19.95,19.29,19.63,5470370.0
2024-01-05,DOC,19.46,19.95,19.29,19.63,5470370.0
2024-01-08,DOC,19.53,20.115,19.45,19.98,4316685.0
2024-01-08,DOC,19.53,20.115,19.45,19.98,4316685.0
2024-01-09,DOC,19.75,19.9,19.555,19.9,4192839.0
2024-01-09,DOC,19.75,19.9,19.555,19.9,4192839.0
2024-01-10,DOC,19.95,20.14,19.775,19.97,5151336.0
2024-01-10,DOC,19.95,20.14,19.775,19.97,5151336.0
2024-01-11,DOC,19.96,20.3,19.81,20.29,8259576.0
2024-01-11,DOC,19.96,20.3,19.81,20.29,8259576.0
2024-01-12,DOC,20.61,20.87,20.52,20.84,6812978.0
2024-01-12,DOC,20.61,20.87,20.52,20.84,6812978.0
2024-01-16,DOC,20.73,20.84,20.41,20.73,7463805.0
2024-01-16,DOC,20.73,20.84,20.41,20.73,7463805.0
2024-01-17,DOC,20.28,20.645,19.73,20.04,4727651.0
2024-01-17,DOC,20.28,20.645,19.73,20.04,4727651.0
2024-01-18,DOC,20.12,20.13,19.42,19.6,5195832.0
2024-01-18,DOC,20.12,20.13,19.42,19.6,5195832.0
2024-01-19,DOC,19.71,19.89,19.33,19.75,4598213.0
2024-01-19,DOC,19.71,19.89,19.33,19.75,4598213.0
2024-01-22,DOC,19.82,20.025,19.585,19.71,4953119.0
2024-01-22,DOC,19.82,20.025,19.585,19.71,4953119.0
2024-01-23,DOC,19.84,19.91,19.255,19.37,4420756.0
2024-01-23,DOC,19.84,19.91,19.255,19.37,4420756.0
2024-01-24,DOC,19.76,19.76,19.095,19.13,4534806.0
2024-01-24,DOC,19.76,19.76,19.095,19.13,4534806.0
2024-01-25,DOC,19.47,19.54,19.135,19.36,5071570.0
2024-01-25,DOC,19.47,19.54,19.135,19.36,5071570.0
2024-01-26,DOC,19.46,19.585,19.26,19.42,3230777.0
2024-01-26,DOC,19.46,19.585,19.26,19.42,3230777.0
2024-01-29,DOC,19.37,19.39,18.97,19.22,5757433.0
2024-01-29,DOC,19.37,19.39,18.97,19.22,5757433.0
2024-01-30,DOC,19.01,19.09,18.61,18.62,7506908.0
2024-01-30,DOC,19.01,19.09,18.61,18.62,7506908.0
2024-01-31,DOC,18.75,18.885,18.295,18.5,12125684.0
2024-01-31,DOC,18.75,18.885,18.295,18.5,12125684.0
2024-02-01,DOC,18.43,18.83,18.19,18.82,5702706.0
2024-02-01,DOC,18.43,18.83,18.19,18.82,5702706.0
2024-02-02,DOC,18.45,18.49,18.04,18.31,6221482.0
2024-02-02,DOC,18.45,18.49,18.04,18.31,6221482.0
2024-02-05,DOC,17.99,18.01,17.75,17.81,5515329.0
2024-02-05,DOC,17.99,18.01,17.75,17.81,5515329.0
2024-02-06,DOC,17.82,18.175,17.69,18.08,5345094.0
2024-02-06,DOC,17.82,18.175,17.69,18.08,5345094.0
2024-02-07,DOC,18.05,18.1625,17.83,17.87,4954735.0
2024-02-07,DOC,18.05,18.1625,17.83,17.87,4954735.0
2024-02-08,DOC,17.83,18.12,17.78,17.99,6994081.0
2024-02-08,DOC,17.83,18.12,17.78,17.99,6994081.0
2024-02-09,DOC,17.64,17.82,17.06,17.34,13320438.0
2024-02-09,DOC,17.64,17.82,17.06,17.34,13320438.0
2024-02-12,DOC,17.45,17.735,17.37,17.54,6338973.0
2024-02-12,DOC,17.45,17.735,17.37,17.54,6338973.0
2024-02-13,DOC,16.73,16.84,16.38,16.78,8617194.0
2024-02-13,DOC,16.73,16.84,16.38,16.78,8617194.0
2024-02-14,DOC,16.91,17.04,16.6,16.86,8953035.0
2024-02-14,DOC,16.91,17.04,16.6,16.86,8953035.0
2024-02-15,DOC,17.05,17.46,16.97,17.46,4813325.0
2024-02-15,DOC,17.05,17.46,16.97,17.46,4813325.0
2024-02-16,DOC,17.12,17.24,16.97,17.16,5215208.0
2024-02-16,DOC,17.12,17.24,16.97,17.16,5215208.0
2024-02-20,DOC,17.0,17.19,16.78,16.92,7113171.0
2024-02-20,DOC,17.0,17.19,16.78,16.92,7113171.0
2024-02-21,DOC,16.95,17.11,16.78,16.82,10124568.0
2024-02-21,DOC,16.95,17.11,16.78,16.82,10124568.0
2024-02-22,DOC,16.76,16.915,16.62,16.79,7721838.0
2024-02-22,DOC,16.76,16.915,16.62,16.79,7721838.0
2024-02-23,DOC,16.81,16.83,16.585,16.63,5331798.0
2024-02-23,DOC,16.81,16.83,16.585,16.63,5331798.0
2024-02-26,DOC,16.58,16.69,16.105,16.18,6725783.0
2024-02-26,DOC,16.58,16.69,16.105,16.18,6725783.0
2024-02-27,DOC,16.34,16.43,16.1,16.24,8349721.0
2024-02-27,DOC,16.34,16.43,16.1,16.24,8349721.0
2024-02-28,DOC,16.09,16.805,16.015,16.55,10612376.0
2024-02-28,DOC,16.09,16.805,16.015,16.55,10612376.0
2024-02-29,DOC,16.7,16.98,16.54,16.75,66006450.0
2024-02-29,DOC,16.7,16.98,16.54,16.75,66006450.0
2024-03-01,DOC,16.74,17.14,16.49,17.1,9979122.0
2024-03-01,DOC,16.74,17.14,16.49,17.1,9979122.0
2024-03-04,DOC,16.89,16.995,16.6,16.85,12337088.0
2024-03-05,DOC,16.76,17.145,16.7,17.04,13550101.0
2024-03-06,DOC,17.18,17.8,17.13,17.57,10036512.0
2024-03-07,DOC,17.68,17.8,17.475,17.54,8759062.0
2024-03-08,DOC,17.75,17.99,17.61,17.74,6320180.0
2024-03-11,DOC,17.74,17.9,17.43,17.61,5687036.0
2024-03-12,DOC,17.6,17.73,17.37,17.39,5918528.0
2024-03-13,DOC,17.33,17.51,17.17,17.24,5827457.0
2024-03-14,DOC,17.11,17.23,16.755,16.91,11201570.0
2024-03-15,DOC,16.68,17.36,16.66,17.24,17060037.0
2024-03-18,DOC,17.18,17.39,17.05,17.32,5804074.0
2024-03-19,DOC,17.29,17.53,17.21,17.5,5575621.0
2024-03-20,DOC,17.33,17.66,17.285,17.58,5071908.0
2024-03-21,DOC,17.68,17.93,17.61,17.82,5741860.0
2024-03-22,DOC,17.85,17.9,17.53,17.54,5452155.0
2024-03-25,DOC,17.61,17.755,17.45,17.54,4257916.0
2024-03-26,DOC,17.68,17.73,17.51,17.56,6180095.0
2024-03-27,DOC,17.74,18.33,17.7,18.31,5300215.0
2024-03-28,DOC,18.35,18.8,18.35,18.75,5614518.0
2024-04-01,DOC,19.28,19.28,18.49,18.54,5793331.0
2024-04-02,DOC,18.45,18.545,18.12,18.25,5132314.0
2024-04-03,DOC,18.19,18.505,18.1,18.38,5352049.0
2024-04-04,DOC,18.62,18.82,18.2,18.33,6469968.0
2024-04-05,DOC,18.19,18.63,18.165,18.63,8805348.0
2024-04-08,DOC,18.7,19.035,18.51,18.98,5796912.0
2024-04-09,DOC,19.05,19.385,19.02,19.34,5368697.0
2024-04-10,DOC,18.68,18.855,18.44,18.68,5602148.0
2024-04-11,DOC,18.89,18.96,18.29,18.68,5403024.0
2024-04-12,DOC,18.66,18.7,18.465,18.52,5878645.0
2024-04-15,DOC,18.66,18.71,18.1,18.29,5117910.0
2024-04-16,DOC,18.18,18.275,17.8,17.82,6298332.0
2024-04-17,DOC,17.91,18.325,17.835,18.07,4067211.0
2024-04-18,DOC,18.17,18.28,17.91,18.01,3642307.0
2024-04-19,DOC,18.03,18.26,17.92,17.98,5388321.0
2024-04-22,DOC,18.04,18.25,17.925,18.23,5010026.0
2024-04-23,DOC,18.24,18.6,18.19,18.45,6206561.0
2024-04-24,DOC,18.27,18.74,18.09,18.63,5997036.0
2024-04-25,DOC,18.47,18.605,18.125,18.34,6977893.0
2024-04-26,DOC,18.47,19.05,18.34,18.8,7081720.0
2024-04-29,DOC,18.96,19.27,18.9,18.94,6559097.0
2024-04-30,DOC,18.75,19.1,18.595,18.61,7081650.0
2024-05-01,DOC,18.57,19.22,18.57,18.88,5561640.0
2024-05-02,DOC,19.16,19.235,18.81,19.17,7001070.0
2024-05-03,DOC,19.26,19.38,18.87,18.97,4096677.0
2024-05-06,DOC,19.13,19.2,18.86,18.97,3765279.0
2024-05-07,DOC,19.17,19.36,19.05,19.2,6461937.0
2024-05-08,DOC,19.16,19.225,19.065,19.15,3329088.0
2024-05-09,DOC,19.22,19.5,19.13,19.45,3912787.0
2024-05-10,DOC,19.54,19.62,19.42,19.55,4307565.0
2024-05-13,DOC,19.72,19.8,19.51,19.57,5129419.0
2024-05-14,DOC,19.77,19.95,19.7,19.82,3672051.0
2024-05-15,DOC,20.12,20.295,20.0,20.25,5811719.0
2024-05-16,DOC,20.25,20.29,19.94,19.97,5236491.0
2024-05-17,DOC,20.06,20.06,19.8425,19.89,3235102.0
2024-05-20,DOC,19.87,20.05,19.78,19.79,3112305.0
2024-05-21,DOC,19.76,19.84,19.68,19.75,2735388.0
2024-05-22,DOC,19.64,19.69,19.43,19.52,2997351.0
2024-05-23,DOC,19.43,19.59,19.01,19.04,4140537.0
2024-05-24,DOC,19.13,19.25,19.05,19.1,2717923.0
2024-05-28,DOC,19.23,19.38,18.91,18.91,3151507.0
2024-05-29,DOC,18.7,19.045,18.67,18.96,4265219.0
2024-05-30,DOC,19.12,19.42,19.09,19.41,4957080.0
2024-05-31,DOC,19.59,19.96,19.405,19.9,8939996.0
2024-06-03,DOC,19.85,20.055,19.685,19.77,4435438.0
2024-06-04,DOC,19.71,20.0,19.67,19.74,4677210.0
2024-06-05,DOC,19.72,19.75,19.47,19.57,2882500.0
2024-06-06,DOC,19.44,19.625,19.37,19.53,2296840.0
2024-06-07,DOC,19.17,19.33,19.05,19.29,2958068.0
2024-06-10,DOC,19.19,19.47,18.94,19.23,3379382.0
2024-06-11,DOC,19.1,19.3,19.05,19.19,5036750.0
2024-06-12,DOC,19.71,19.85,19.36,19.4,3502659.0
2024-06-13,DOC,19.45,19.665,19.34,19.57,2579765.0
2024-06-14,DOC,19.47,19.68,19.345,19.65,2570769.0
2024-06-17,DOC,19.5,19.69,19.33,19.36,3704597.0
2024-06-18,DOC,19.42,19.54,19.305,19.48,3222033.0
2024-06-20,DOC,19.43,19.49,19.175,19.38,3850679.0
2024-06-21,DOC,19.49,19.495,19.04,19.24,11550116.0
2024-06-24,DOC,19.24,19.8,19.17,19.65,4187864.0
2024-06-25,DOC,19.56,19.56,19.08,19.19,4337712.0
2024-06-26,DOC,19.01,19.465,18.91,19.37,8119945.0
2024-06-27,DOC,19.41,19.41,18.91,19.24,5011909.0
2024-06-28,DOC,19.4,19.63,19.29,19.6,6476475.0
2024-07-01,DOC,19.6,19.68,19.23,19.47,3255371.0
2024-07-02,DOC,19.48,19.64,19.35,19.53,3373786.0
2024-07-03,DOC,19.63,19.67,19.41,19.48,2592382.0
2024-07-05,DOC,19.52,19.81,19.41,19.73,2520770.0
2024-07-08,DOC,19.8,19.875,19.57,19.63,4478859.0
2024-07-09,DOC,19.51,19.8,19.505,19.64,2843173.0
2024-07-10,DOC,19.82,19.82,19.655,19.82,3411282.0
2024-07-11,DOC,20.18,20.53,20.1,20.34,7501569.0
2024-07-12,DOC,20.52,20.65,20.34,20.54,3850032.0
2024-07-15,DOC,20.6,20.7,20.485,20.66,3915594.0
2024-07-16,DOC,20.75,21.08,20.62,21.08,4990955.0
2024-07-17,DOC,21.07,21.35,21.0609,21.14,3341167.0
2024-07-18,DOC,21.05,21.42,20.875,20.93,2487370.0
2024-07-19,DOC,20.99,20.99,20.77,20.9,3158856.0
2024-07-22,DOC,20.83,21.05,20.73,21.01,3595636.0
2024-07-23,DOC,20.94,21.17,20.9,21.02,5270428.0
2024-07-24,DOC,21.05,21.31,20.74,20.76,5141822.0
2024-07-25,DOC,20.89,21.185,20.745,20.76,5278663.0
2024-07-26,DOC,21.9,22.015,20.94,21.9,8948525.0
2024-07-29,DOC,21.88,22.0,21.645,21.85,5210618.0
2024-07-30,DOC,21.87,21.99,21.62,21.84,7926655.0
2024-07-31,DOC,21.79,22.19,21.75,21.82,7122030.0
2024-08-01,DOC,22.04,22.12,21.51,21.73,4469656.0
2024-08-02,DOC,21.62,21.955,21.335,21.54,5654679.0
2024-08-05,DOC,20.69,21.145,20.45,20.74,6766982.0
2024-08-06,DOC,20.72,21.57,20.65,21.38,5274972.0
2024-08-07,DOC,21.51,21.755,21.195,21.23,3757422.0
2024-08-08,DOC,21.19,21.48,21.19,21.41,3178822.0
2024-08-09,DOC,21.49,21.685,21.32,21.63,2728181.0
2024-08-12,DOC,21.55,21.62,21.32,21.52,3423282.0
2024-08-13,DOC,21.78,22.03,21.67,21.94,3926503.0
2024-08-14,DOC,21.97,21.995,21.75,21.79,2667207.0
2024-08-15,DOC,21.81,21.855,21.535,21.58,4583912.0
2024-08-16,DOC,21.56,21.625,21.37,21.48,2828364.0
2024-08-19,DOC,21.51,21.72,21.49,21.7,3134080.0
2024-08-20,DOC,21.67,21.85,21.56,21.8,2902571.0
2024-08-21,DOC,21.85,21.935,21.6501,21.89,2114697.0
2024-08-22,DOC,21.95,22.1975,21.85,22.12,4184784.0
2024-08-23,DOC,22.2,22.57,22.125,22.46,2747943.0
2024-08-26,DOC,22.55,22.665,22.425,22.49,2919055.0
2024-08-27,DOC,22.3,22.45,22.165,22.28,4858131.0
2024-08-28,DOC,22.2,22.26,21.92,22.04,4730970.0
2024-08-29,DOC,22.04,22.16,21.6556,22.13,7088183.0
2024-08-30,DOC,22.23,22.495,22.095,22.28,10247273.0
2024-09-03,DOC,22.11,22.315,22.07,22.2,7452833.0
2024-09-04,DOC,22.25,22.405,22.11,22.18,5290718.0
2024-09-05,DOC,22.36,22.5601,22.05,22.09,4152936.0
2024-09-06,DOC,22.1,22.14,21.73,21.99,4573961.0
2024-09-09,DOC,21.98,22.235,21.98,22.13,5985737.0
2024-09-10,DOC,22.22,22.29,22.055,22.22,4942061.0
2024-09-11,DOC,22.02,22.235,21.785,22.15,4647020.0
2024-09-12,DOC,22.13,22.445,22.09,22.41,3601769.0
2024-09-13,DOC,22.53,22.61,22.37,22.58,8214886.0
2024-09-16,DOC,22.75,22.79,22.375,22.41,4436584.0
2024-09-17,DOC,22.38,22.44,21.91,21.94,8241960.0
2024-09-18,DOC,21.94,22.5,21.895,22.12,4508790.0
2024-09-19,DOC,22.34,22.42,21.89,21.9,5442477.0
2024-09-20,DOC,21.76,22.01,21.7,22.01,11123814.0
2024-09-23,DOC,22.14,22.59,22.02,22.57,4437908.0
2024-09-24,DOC,22.46,22.9651,22.39,22.77,3665556.0
2024-09-25,DOC,22.85,23.14,22.74,22.8,6715200.0
2024-09-26,DOC,22.92,22.99,22.38,22.5,3513719.0
2024-09-27,DOC,22.68,22.76,22.54,22.6,5217687.0
2024-09-30,DOC,22.5,22.89,22.41,22.87,6697832.0
2024-10-01,DOC,22.97,22.97,22.445,22.67,4316721.0
2024-10-02,DOC,22.455,22.51,22.16,22.34,3047243.0
2024-10-03,DOC,22.33,22.34,22.065,22.22,4839200.0
2024-10-04,DOC,22.1,22.23,21.99,22.12,3345641.0
2024-10-07,DOC,22.0,22.09,21.865,22.01,2557736.0
2024-10-08,DOC,22.09,22.13,21.68,21.82,2557286.0
2024-10-09,DOC,21.81,21.95,21.65,21.78,2786046.0
2024-10-10,DOC,21.66,21.805,21.365,21.5,4656568.0
2024-10-11,DOC,21.61,21.74,21.53,21.67,3460504.0
2024-10-14,DOC,21.64,21.96,21.57,21.88,2982570.0
2024-10-15,DOC,22.0,22.55,21.98,22.32,3609647.0
2024-10-16,DOC,22.38,22.7,22.33,22.69,4387570.0
2024-10-17,DOC,22.56,22.64,22.29,22.31,3237693.0
2024-10-18,DOC,22.4,22.65,22.18,22.64,3709260.0
2024-10-21,DOC,22.75,22.85,22.16,22.18,4222109.0
2024-10-22,DOC,22.15,22.555,22.0,22.43,4198842.0
2024-10-23,DOC,22.42,23.145,22.39,23.12,7193658.0
2024-10-24,DOC,23.05,23.26,22.875,23.0,8096674.0
2024-10-25,DOC,22.66,23.12,22.29,22.29,8802307.0
2024-10-28,DOC,22.52,22.755,22.19,22.59,9525914.0
2024-10-29,DOC,22.41,22.59,22.265,22.52,7367668.0
2024-10-30,DOC,22.59,22.92,22.52,22.72,6978020.0
2024-10-31,DOC,22.6,22.88,22.44,22.45,8922052.0
2024-11-01,DOC,22.57,22.79,21.98,21.98,5994861.0
2024-11-04,DOC,21.76,22.125,21.73,21.99,4254201.0
2024-11-05,DOC,21.88,22.56,21.8075,22.51,5013492.0
2024-11-06,DOC,22.66,22.72,22.025,22.33,12041699.0
2024-11-07,DOC,22.36,22.65,22.21,22.56,6297638.0
2024-11-08,DOC,22.57,23.045,22.57,22.76,3908435.0
2024-11-11,DOC,22.76,22.83,22.3,22.35,4101724.0
2024-11-12,DOC,22.27,22.38,21.75,21.79,5057778.0
2024-11-13,DOC,22.03,22.2,21.64,21.65,6902335.0
2024-11-14,DOC,21.55,21.6,21.235,21.25,6211991.0
2024-11-15,DOC,21.22,21.27,20.78,20.86,7300788.0
2024-11-18,DOC,20.75,20.88,20.63,20.87,5345708.0
2024-11-19,DOC,20.81,21.52,20.77,21.4,5079713.0
2024-11-20,DOC,21.31,21.64,21.14,21.43,4968301.0
2024-11-21,DOC,21.29,21.82,21.28,21.71,3879317.0
2024-11-22,DOC,21.87,21.95,21.59,21.62,4224123.0
2024-11-25,DOC,21.73,22.1,21.65,21.98,7006968.0
2024-11-26,DOC,21.96,22.38,21.94,22.32,3352373.0
2024-11-27,DOC,22.44,22.71,22.19,22.24,4668170.0
2024-11-29,DOC,22.25,22.3,21.97,21.99,4748598.0
2024-12-02,DOC,21.92,21.97,21.45,21.65,4920024.0
2024-12-03,DOC,21.62,21.64,21.385,21.51,3783820.0
2024-12-04,DOC,21.51,21.54,21.23,21.3,3640196.0
2024-12-05,DOC,21.07,21.55,21.0101,21.49,3340247.0
2024-12-06,DOC,21.52,21.7,21.235,21.38,3822934.0
2024-12-09,DOC,21.29,21.8,21.25,21.7,5050077.0
2024-12-10,DOC,21.6,21.83,21.275,21.44,3502987.0
2024-12-11,DOC,21.48,21.625,21.145,21.27,3642976.0
2024-12-12,DOC,21.21,21.435,20.92,20.93,4047774.0
2024-12-13,DOC,20.85,20.93,20.63,20.76,7231713.0
2024-12-16,DOC,20.71,20.93,20.63,20.71,3887682.0
2024-12-17,DOC,20.6,21.12,20.5015,20.87,3128769.0
2024-12-18,DOC,20.73,20.935,19.97,19.98,4300594.0
2024-12-19,DOC,19.96,20.28,19.76,19.76,6564059.0
2024-12-20,DOC,19.99,20.29,19.76,20.12,12559233.0
2024-12-23,DOC,20.02,20.211,19.91,20.18,3875332.0
2024-12-24,DOC,20.15,20.41,20.12,20.39,1415654.0
2024-12-26,DOC,20.3,20.39,20.21,20.26,1946445.0
2024-12-27,DOC,20.09,20.41,19.975,20.08,2716209.0
2024-12-30,DOC,19.99,20.025,19.7,19.98,3150967.0
2024-12-31,DOC,20.13,20.3,20.05,20.27,3541732.0
2025-01-02,DOC,20.27,20.39,20.055,20.16,2547595.0
2025-01-03,DOC,20.18,20.43,20.11,20.42,2469413.0
2025-01-06,DOC,20.34,20.37,19.98,20.02,5719046.0
2025-01-07,DOC,20.02,20.2626,19.88,19.91,4882195.0
2025-01-08,DOC,19.95,20.375,19.81,20.32,4306350.0
2025-01-10,DOC,19.96,20.12,19.435,19.66,4555985.0
2025-01-13,DOC,19.68,20.03,19.63,20.0,2907866.0
2025-01-14,DOC,19.98,20.24,19.97,20.14,3802668.0
2025-01-15,DOC,20.8,20.8,20.28,20.32,2636783.0
2025-01-16,DOC,20.35,20.71,20.315,20.7,2861650.0
2025-01-17,DOC,20.81,20.86,20.66,20.78,3247064.0
2025-01-21,DOC,20.82,21.18,20.82,21.12,3131507.0
2025-01-22,DOC,21.0,21.03,20.54,20.55,3160865.0
2025-01-23,DOC,20.6,20.68,20.42,20.65,2533071.0
2025-01-24,DOC,20.62,20.91,20.61,20.83,3998293.0
2025-01-27,DOC,20.97,21.24,20.895,21.2,4127317.0
2025-01-28,DOC,21.09,21.18,20.59,20.66,3445219.0
2025-01-29,DOC,20.72,20.7699,19.905,20.21,5427669.0
2025-01-30,DOC,20.55,20.685,20.355,20.51,4210579.0
2025-01-31,DOC,20.43,20.89,20.38,20.66,16228974.0
2025-02-03,DOC,20.45,20.685,20.14,20.38,5573001.0
2025-02-04,DOC,20.005,20.43,19.68,20.06,8676618.0
2025-02-05,DOC,20.33,20.33,19.86,20.04,8395089.0
2025-02-06,DOC,20.11,20.3899,20.11,20.12,4576973.0
2025-02-07,DOC,20.14,20.21,19.72,19.86,6420776.0
2025-02-10,DOC,19.82,19.865,19.45,19.59,5354480.0
2025-02-11,DOC,19.43,19.67,19.37,19.61,5353041.0
2025-02-12,DOC,19.23,19.52,19.23,19.46,4932428.0
2025-02-13,DOC,19.48,20.0,19.48,19.96,5153656.0
2025-02-14,DOC,19.69,19.775,19.48,19.59,4495780.0
2025-02-18,DOC,19.5,19.73,19.5,19.58,3484354.0
2025-02-19,DOC,19.5,19.65,19.47,19.5,4244391.0
2025-02-20,DOC,19.48,19.875,19.47,19.77,4705687.0
2025-02-21,DOC,19.77,19.82,19.4,19.74,5557934.0
2025-02-24,DOC,19.81,19.94,19.695,19.83,4715953.0
2025-02-25,DOC,19.89,20.34,19.75,20.21,4606103.0
2025-02-26,DOC,20.22,20.265,19.79,20.02,4753157.0
2025-02-27,DOC,20.01,20.3,19.945,20.18,2737046.0
2025-02-28,DOC,20.31,20.47,20.17,20.46,7268360.0
2025-03-03,DOC,20.5,20.67,20.28,20.4,3875827.0
2025-03-04,DOC,20.44,20.575,20.24,20.25,4135082.0
2025-03-05,DOC,20.05,20.48,20.02,20.42,4125898.0
2025-03-06,DOC,20.24,20.285,19.84,20.13,6047106.0
2025-03-07,DOC,20.23,20.58,20.09,20.51,4463169.0
